<Root>
    <File Name="ovl_Arrow_Light" BaseAddress="0x80869cb0" RangeStart="0xA00" RangeEnd="0x1E20">
        <Texture Name="s1Tex" OutName="light_tex_1" Format="i8" Width="32" Height="64" Offset="0xA00" Static="On"/>
        <Texture Name="s2Tex" OutName="light_tex_2" Format="i8" Width="32" Height="64" Offset="0x1200" Static="On"/>
        <Array Name="sVtx" Count="43" Offset="0x1A00" Static="On">
            <Vtx/>
        </Array>
        <DList Name="sMaterialDL" Offset="0x1CB0" Static="On"/>
        <DList Name="sModelDL" Offset="0x1D60" Static="On"/>
    </File>
</Root>
