<Root>
    <File Name="ovl_En_Clear_Tag" BaseAddress="0x809D35B0" RangeStart="0x26F0" RangeEnd="0x89F0">
        <Texture Name="ovl_En_Clear_TagTex_003308" OutName="ovl_En_Clear_TagTex_003308" Format="rgba16" Width="8" Height="8" Offset="0x3308" AddedByScript="true"/>
        <Texture Name="ovl_En_Clear_TagTex_003388" OutName="ovl_En_Clear_TagTex_003388" Format="rgba16" Width="32" Height="32" Offset="0x3388" AddedByScript="true"/>
        <Texture Name="ovl_En_Clear_TagTex_003B88" OutName="ovl_En_Clear_TagTex_003B88" Format="rgba16" Width="64" Height="32" Offset="0x3B88" AddedByScript="true"/>
        <Texture Name="ovl_En_Clear_TagTex_004B88" OutName="ovl_En_Clear_TagTex_004B88" Format="rgba16" Width="32" Height="32" Offset="0x4B88" AddedByScript="true"/>
        <Texture Name="ovl_En_Clear_TagTex_005388" OutName="ovl_En_Clear_TagTex_005388" Format="rgba16" Width="32" Height="32" Offset="0x5388" AddedByScript="true"/>
        <Texture Name="ovl_En_Clear_TagTex_005B88" OutName="ovl_En_Clear_TagTex_005B88" Format="rgba16" Width="32" Height="32" Offset="0x5B88" AddedByScript="true"/>
        <Texture Name="ovl_En_Clear_TagTex_006458" OutName="ovl_En_Clear_TagTex_006458" Format="rgba16" Width="16" Height="16" Offset="0x6458" AddedByScript="true"/>
        <Texture Name="ovl_En_Clear_TagTex_006708" OutName="ovl_En_Clear_TagTex_006708" Format="i8" Width="16" Height="16" Offset="0x6708" AddedByScript="true"/>
        <Texture Name="ovl_En_Clear_TagTex_006808" OutName="ovl_En_Clear_TagTex_006808" Format="rgba16" Width="16" Height="16" Offset="0x6808" AddedByScript="true"/>
        <Texture Name="ovl_En_Clear_TagTex_006AD0" OutName="ovl_En_Clear_TagTex_006AD0" Format="i4" Width="32" Height="64" Offset="0x6AD0" AddedByScript="true"/>
        <Texture Name="ovl_En_Clear_TagTex_006ED0" OutName="ovl_En_Clear_TagTex_006ED0" Format="i4" Width="32" Height="32" Offset="0x6ED0" AddedByScript="true"/>
        <Texture Name="ovl_En_Clear_TagTex_0071C8" OutName="ovl_En_Clear_TagTex_0071C8" Format="i8" Width="64" Height="64" Offset="0x71C8" AddedByScript="true"/>
        <Texture Name="ovl_En_Clear_TagTex_008288" OutName="ovl_En_Clear_TagTex_008288" Format="i4" Width="32" Height="32" Offset="0x8288" AddedByScript="true"/>
        <Texture Name="ovl_En_Clear_TagTex_008540" OutName="ovl_En_Clear_TagTex_008540" Format="i8" Width="32" Height="32" Offset="0x8540" AddedByScript="true"/>
        <DList Name="gArwingDL" Offset="0x26F0"/>
        <DList Name="gArwingLaserDL" Offset="0x6388"/>
        <DList Name="gArwingBackfireDL" Offset="0x6688"/>
        <DList Name="gArwingDebrisEffectMaterialDL" Offset="0x6A38"/>
        <DList Name="gArwingDebrisEffectDL" Offset="0x6AB8"/>
        <DList Name="gArwingFireEffectMaterialDL" Offset="0x7100"/>
        <DList Name="gArwingFireEffectDL" Offset="0x71A8"/>
        <DList Name="gArwingFlashEffectDL" Offset="0x8208"/>
        <DList Name="gArwingFlashEffectGroundDL" Offset="0x84B8"/>
        <DList Name="gArwingShadowDL" Offset="0x8970"/>
    </File>
</Root>
