<Root>
    
    <File Name="ovl_Boss_Ganon" BaseAddress="0x808D6870" RangeStart="0xE6B8" RangeEnd="0x211D8">
        <Texture Name="ovl_Boss_GanonTex_00E748" OutName="ovl_Boss_GanonTex_00E748" Format="i8" Width="64" Height="64" Offset="0xE748" AddedByScript="true"/>
        <Texture Name="ovl_Boss_GanonTex_00F848" OutName="ovl_Boss_GanonTex_00F848" Format="ci8" Width="32" Height="32" Offset="0xF848" TlutOffset="0xF808" AddedByScript="true"/>
        <Texture Name="ovl_Boss_GanonTex_010538" OutName="ovl_Boss_GanonTex_010538" Format="i8" Width="64" Height="64" Offset="0x10538" AddedByScript="true"/>
        <Texture Name="ovl_Boss_GanonTex_01A7B0" OutName="ovl_Boss_GanonTex_01A7B0" Format="ia16" Width="32" Height="32" Offset="0x1A7B0" AddedByScript="true"/>
        <Texture Name="ovl_Boss_GanonTex_01AFB0" OutName="ovl_Boss_GanonTex_01AFB0" Format="i4" Width="64" Height="64" Offset="0x1AFB0" AddedByScript="true"/>
        <Texture Name="ovl_Boss_GanonTex_01B7B0" OutName="ovl_Boss_GanonTex_01B7B0" Format="i4" Width="64" Height="64" Offset="0x1B7B0" AddedByScript="true"/>
        <Texture Name="ovl_Boss_GanonTex_01C420" OutName="ovl_Boss_GanonTex_01C420" Format="i8" Width="64" Height="32" Offset="0x1C420" AddedByScript="true"/>
        <Texture Name="ovl_Boss_GanonTex_01CEB8" OutName="ovl_Boss_GanonTex_01CEB8" Format="i8" Width="32" Height="64" Offset="0x1CEB8" AddedByScript="true"/>
        <Texture Name="ovl_Boss_GanonTex_01D6B8" OutName="ovl_Boss_GanonTex_01D6B8" Format="i8" Width="32" Height="32" Offset="0x1D6B8" AddedByScript="true"/>
        <Texture Name="ovl_Boss_GanonTex_01DE88" OutName="ovl_Boss_GanonTex_01DE88" Format="i8" Width="32" Height="64" Offset="0x1DE88" AddedByScript="true"/>
        <Texture Name="ovl_Boss_GanonTex_01E688" OutName="ovl_Boss_GanonTex_01E688" Format="i8" Width="32" Height="64" Offset="0x1E688" AddedByScript="true"/>
        <Texture Name="ovl_Boss_GanonTex_01EF90" OutName="ovl_Boss_GanonTex_01EF90" Format="i8" Width="96" Height="16" Offset="0x1EF90" AddedByScript="true"/>
        <Texture Name="ovl_Boss_GanonTex_01FFF8" OutName="ovl_Boss_GanonTex_01FFF8" Format="i4" Width="32" Height="32" Offset="0x1FFF8" AddedByScript="true"/>
        <Texture Name="ovl_Boss_GanonTex_020370" OutName="ovl_Boss_GanonTex_020370" Format="i8" Width="32" Height="32" Offset="0x20370" AddedByScript="true"/>
        <Texture Name="ovl_Boss_GanonTex_020770" OutName="ovl_Boss_GanonTex_020770" Format="i8" Width="32" Height="64" Offset="0x20770" AddedByScript="true"/>
        <Texture Name="ovl_Boss_GanonTLUT_00F808" OutName="ovl_Boss_GanonTLUT_00F808" Format="rgba16" Width="16" Height="16" Offset="0xF808" AddedByScript="true"/>
        <Texture Name="gGanondorfLightning1Tex" OutName="lightning_1" Format="i8" Width="32" Height="96" Offset="0x11600" Static="Off"/>
        <Texture Name="gGanondorfLightning2Tex" OutName="lightning_2" Format="i8" Width="32" Height="96" Offset="0x12200" Static="Off"/>
        <Texture Name="gGanondorfLightning3Tex" OutName="lightning_3" Format="i8" Width="32" Height="96" Offset="0x12E00" Static="Off"/>
        <Texture Name="gGanondorfLightning4Tex" OutName="lightning_4" Format="i8" Width="32" Height="96" Offset="0x13A00" Static="Off"/>
        <Texture Name="gGanondorfLightning5Tex" OutName="lightning_5" Format="i8" Width="32" Height="96" Offset="0x14600" Static="Off"/>
        <Texture Name="gGanondorfLightning6Tex" OutName="lightning_6" Format="i8" Width="32" Height="96" Offset="0x15200" Static="Off"/>
        <Texture Name="gGanondorfLightning7Tex" OutName="lightning_7" Format="i8" Width="32" Height="96" Offset="0x15E00" Static="Off"/>
        <Texture Name="gGanondorfLightning8Tex" OutName="lightning_8" Format="i8" Width="32" Height="96" Offset="0x16A00" Static="Off"/>
        <Texture Name="gGanondorfLightning9Tex" OutName="lightning_9" Format="i8" Width="32" Height="96" Offset="0x17600" Static="Off"/>
        <Texture Name="gGanondorfLightning10Tex" OutName="lightning_10" Format="i8" Width="32" Height="96" Offset="0x18200" Static="Off"/>
        <Texture Name="gGanondorfLightning11Tex" OutName="lightning_11" Format="i8" Width="32" Height="96" Offset="0x18E00" Static="Off"/>
        <Texture Name="gGanondorfLightning12Tex" OutName="lightning_12" Format="i8" Width="32" Height="96" Offset="0x19A00" Static="Off"/>

        <Texture Name="gGanondorfWindowShatterTemplateTex" OutName="window_shatter_template" Format="i8" Width="32" Height="64" Offset="0xFD38" Static="Off"/>

        <DList Name="gGanondorfLightStreak1DL" Offset="0x1FCF0" Static="Off"/>
        <DList Name="gGanondorfLightStreak2DL" Offset="0x1FD28" Static="Off"/>
        <DList Name="gGanondorfLightStreak3DL" Offset="0x1FD60" Static="Off"/>
        <DList Name="gGanondorfLightStreak4DL" Offset="0x1FD98" Static="Off"/>
        <DList Name="gGanondorfLightStreak5DL" Offset="0x1FDD0" Static="Off"/>
        <DList Name="gGanondorfLightStreak6DL" Offset="0x1FE08" Static="Off"/>
        <DList Name="gGanondorfLightStreak7DL" Offset="0x1FE40" Static="Off"/>
        <DList Name="gGanondorfLightStreak8DL" Offset="0x1FE78" Static="Off"/>
        <DList Name="gGanondorfLightStreak9DL" Offset="0x1FEB0" Static="Off"/>
        <DList Name="gGanondorfLightStreak10DL" Offset="0x1FEE8" Static="Off"/>
        <DList Name="gGanondorfLightStreak11DL" Offset="0x1FF20" Static="Off"/>
        <DList Name="gGanondorfLightStreak12DL" Offset="0x1FF58" Static="Off"/>

        <DList Name="gGanondorfShadowSetupDL" Offset="0xE6F8" Static="Off"/>
        <DList Name="gGanondorfShadowModelDL" Offset="0xE718" Static="Off"/>
        <DList Name="gGanondorfTriforceDL" Offset="0xF788" Static="Off"/>
        <DList Name="gGanondorfWindowShardMaterialDL" Offset="0xFC78" Static="Off"/>
        <DList Name="gGanondorfWindowShardModelDL" Offset="0xFD20" Static="Off"/>
        <DList Name="gGanondorfLightBallMaterialDL" Offset="0x11578" Static="Off"/>
        <DList Name="gGanondorfSquareDL" Offset="0x115E8" Static="Off"/>
        <DList Name="gGanondorfLightningDL" Offset="0x1A640" Static="Off"/>
        <DList Name="gGanondorfUnusedDL" Offset="0x1A6F0" Static="Off"/>
        <DList Name="gGanondorfLightRayTriDL" Offset="0x1A768" Static="Off"/>
        <DList Name="gGanondorfLightFlecksDL" Offset="0x1C1C0" Static="Off"/>
        <DList Name="gGanondorfBigMagicBGCircleDL" Offset="0x1C2B0" Static="Off"/>
        <DList Name="gGanondorfDotDL" Offset="0x1C358" Static="Off"/>
        <DList Name="gGanondorfShockwaveDL" Offset="0x1CDC0" Static="Off"/>
        <DList Name="gGanondorfImpactDarkDL" Offset="0x1DC58" Static="Off"/>
        <DList Name="gGanondorfImpactLightDL" Offset="0x1DD70" Static="Off"/>
        <DList Name="gGanondorfShockGlowDL" Offset="0x1EEC8" Static="Off"/>
        <DList Name="gGanondorfLightCoreDL" Offset="0x20228" Static="Off"/>
        <DList Name="gGanondorfShockDL" Offset="0x202F0" Static="Off"/>
        <DList Name="gGanondorfVortexDL" Offset="0x210D0" Static="Off"/>
    </File>
</Root>
