<Root>
    <File Name="ovl_Arrow_Fire" BaseAddress="0x80865d10" RangeStart="0x9D0" RangeEnd="0x1DF0">
        <Texture Name="s1Tex" OutName="fire_tex_1" Format="i8" Width="32" Height="64" Offset="0x9D0" Static="On"/>
        <Texture Name="s2Tex" OutName="fire_tex_2" Format="i8" Width="32" Height="64" Offset="0x11D0" Static="On"/>
        <Array Name="sVtx" Count="43" Offset="0x19D0" Static="On">
            <Vtx/>
        </Array>
        <DList Name="sMaterialDL" Offset="0x1C80" Static="On"/>
        <DList Name="sModelDL" Offset="0x1D30" Static="On"/>
    </File>
</Root>
