<Root>
    <File Name="link_animetion" Segment="7">
        <PlayerAnimationData Name="gPlayerAnimData_000000" FrameCount="20" Offset="0x0"/>
        <PlayerAnimationData Name="gPlayerAnimData_000A80" FrameCount="20" Offset="0xA80"/>
        <PlayerAnimationData Name="gPlayerAnimData_001500" FrameCount="15" Offset="0x1500"/>
        <PlayerAnimationData Name="gPlayerAnimData_001CE0" FrameCount="24" Offset="0x1CE0"/>
        <PlayerAnimationData Name="gPlayerAnimData_002970" FrameCount="15" Offset="0x2970"/>
        <PlayerAnimationData Name="gPlayerAnimData_003150" FrameCount="26" Offset="0x3150"/>
        <PlayerAnimationData Name="gPlayerAnimData_003EF0" FrameCount="20" Offset="0x3EF0"/>
        <PlayerAnimationData Name="gPlayerAnimData_004970" FrameCount="20" Offset="0x4970"/>
        <PlayerAnimationData Name="gPlayerAnimData_0053F0" FrameCount="10" Offset="0x53F0"/>
        <PlayerAnimationData Name="gPlayerAnimData_005930" FrameCount="30" Offset="0x5930"/>
        <PlayerAnimationData Name="gPlayerAnimData_0068F0" FrameCount="30" Offset="0x68F0"/>
        <PlayerAnimationData Name="gPlayerAnimData_0078B0" FrameCount="35" Offset="0x78B0"/>
        <PlayerAnimationData Name="gPlayerAnimData_008B10" FrameCount="40" Offset="0x8B10"/>
        <PlayerAnimationData Name="gPlayerAnimData_00A000" FrameCount="20" Offset="0xA000"/>
        <PlayerAnimationData Name="gPlayerAnimData_00AA80" FrameCount="25" Offset="0xAA80"/>
        <PlayerAnimationData Name="gPlayerAnimData_00B7A0" FrameCount="20" Offset="0xB7A0"/>
        <PlayerAnimationData Name="gPlayerAnimData_00C220" FrameCount="40" Offset="0xC220"/>
        <PlayerAnimationData Name="gPlayerAnimData_00D710" FrameCount="51" Offset="0xD710"/>
        <PlayerAnimationData Name="gPlayerAnimData_00F1D0" FrameCount="133" Offset="0xF1D0"/>
        <PlayerAnimationData Name="gPlayerAnimData_013770" FrameCount="33" Offset="0x13770"/>
        <PlayerAnimationData Name="gPlayerAnimData_0148C0" FrameCount="55" Offset="0x148C0"/>
        <PlayerAnimationData Name="gPlayerAnimData_016590" FrameCount="100" Offset="0x16590"/>
        <PlayerAnimationData Name="gPlayerAnimData_0199F0" FrameCount="100" Offset="0x199F0"/>
        <PlayerAnimationData Name="gPlayerAnimData_01CE50" FrameCount="40" Offset="0x1CE50"/>
        <PlayerAnimationData Name="gPlayerAnimData_01E340" FrameCount="40" Offset="0x1E340"/>
        <PlayerAnimationData Name="gPlayerAnimData_01F830" FrameCount="20" Offset="0x1F830"/>
        <PlayerAnimationData Name="gPlayerAnimData_0202B0" FrameCount="20" Offset="0x202B0"/>
        <PlayerAnimationData Name="gPlayerAnimData_020D30" FrameCount="110" Offset="0x20D30"/>
        <PlayerAnimationData Name="gPlayerAnimData_0246D0" FrameCount="35" Offset="0x246D0"/>
        <PlayerAnimationData Name="gPlayerAnimData_025930" FrameCount="25" Offset="0x25930"/>
        <PlayerAnimationData Name="gPlayerAnimData_026650" FrameCount="20" Offset="0x26650"/>
        <PlayerAnimationData Name="gPlayerAnimData_0270D0" FrameCount="15" Offset="0x270D0"/>
        <PlayerAnimationData Name="gPlayerAnimData_0278B0" FrameCount="55" Offset="0x278B0"/>
        <PlayerAnimationData Name="gPlayerAnimData_029580" FrameCount="30" Offset="0x29580"/>
        <PlayerAnimationData Name="gPlayerAnimData_02A540" FrameCount="30" Offset="0x2A540"/>
        <PlayerAnimationData Name="gPlayerAnimData_02B500" FrameCount="30" Offset="0x2B500"/>
        <PlayerAnimationData Name="gPlayerAnimData_02C4C0" FrameCount="51" Offset="0x2C4C0"/>
        <PlayerAnimationData Name="gPlayerAnimData_02DF80" FrameCount="78" Offset="0x2DF80"/>
        <PlayerAnimationData Name="gPlayerAnimData_030860" FrameCount="30" Offset="0x30860"/>
        <PlayerAnimationData Name="gPlayerAnimData_031820" FrameCount="35" Offset="0x31820"/>
        <PlayerAnimationData Name="gPlayerAnimData_032A80" FrameCount="36" Offset="0x32A80"/>
        <PlayerAnimationData Name="gPlayerAnimData_033D60" FrameCount="35" Offset="0x33D60"/>
        <PlayerAnimationData Name="gPlayerAnimData_034FC0" FrameCount="36" Offset="0x34FC0"/>
        <PlayerAnimationData Name="gPlayerAnimData_0362A0" FrameCount="30" Offset="0x362A0"/>
        <PlayerAnimationData Name="gPlayerAnimData_037260" FrameCount="50" Offset="0x37260"/>
        <PlayerAnimationData Name="gPlayerAnimData_038C90" FrameCount="21" Offset="0x38C90"/>
        <PlayerAnimationData Name="gPlayerAnimData_039790" FrameCount="21" Offset="0x39790"/>
        <PlayerAnimationData Name="gPlayerAnimData_03A290" FrameCount="5" Offset="0x3A290"/>
        <PlayerAnimationData Name="gPlayerAnimData_03A530" FrameCount="55" Offset="0x3A530"/>
        <PlayerAnimationData Name="gPlayerAnimData_03C200" FrameCount="365" Offset="0x3C200"/>
        <PlayerAnimationData Name="gPlayerAnimData_048110" FrameCount="110" Offset="0x48110"/>
        <PlayerAnimationData Name="gPlayerAnimData_04BAB0" FrameCount="80" Offset="0x4BAB0"/>
        <PlayerAnimationData Name="gPlayerAnimData_04E490" FrameCount="30" Offset="0x4E490"/>
        <PlayerAnimationData Name="gPlayerAnimData_04F450" FrameCount="30" Offset="0x4F450"/>
        <PlayerAnimationData Name="gPlayerAnimData_050410" FrameCount="20" Offset="0x50410"/>
        <PlayerAnimationData Name="gPlayerAnimData_050E90" FrameCount="60" Offset="0x50E90"/>
        <PlayerAnimationData Name="gPlayerAnimData_052E00" FrameCount="45" Offset="0x52E00"/>
        <PlayerAnimationData Name="gPlayerAnimData_054590" FrameCount="45" Offset="0x54590"/>
        <PlayerAnimationData Name="gPlayerAnimData_055D20" FrameCount="90" Offset="0x55D20"/>
        <PlayerAnimationData Name="gPlayerAnimData_058C40" FrameCount="90" Offset="0x58C40"/>
        <PlayerAnimationData Name="gPlayerAnimData_05BB60" FrameCount="45" Offset="0x5BB60"/>
        <PlayerAnimationData Name="gPlayerAnimData_05D2F0" FrameCount="60" Offset="0x5D2F0"/>
        <PlayerAnimationData Name="gPlayerAnimData_05F260" FrameCount="11" Offset="0x5F260"/>
        <PlayerAnimationData Name="gPlayerAnimData_05F830" FrameCount="16" Offset="0x5F830"/>
        <PlayerAnimationData Name="gPlayerAnimData_060090" FrameCount="11" Offset="0x60090"/>
        <PlayerAnimationData Name="gPlayerAnimData_060660" FrameCount="18" Offset="0x60660"/>
        <PlayerAnimationData Name="gPlayerAnimData_060FD0" FrameCount="10" Offset="0x60FD0"/>
        <PlayerAnimationData Name="gPlayerAnimData_061510" FrameCount="11" Offset="0x61510"/>
        <PlayerAnimationData Name="gPlayerAnimData_061AE0" FrameCount="9" Offset="0x61AE0"/>
        <PlayerAnimationData Name="gPlayerAnimData_061FA0" FrameCount="13" Offset="0x61FA0"/>
        <PlayerAnimationData Name="gPlayerAnimData_062670" FrameCount="12" Offset="0x62670"/>
        <PlayerAnimationData Name="gPlayerAnimData_062CC0" FrameCount="8" Offset="0x62CC0"/>
        <PlayerAnimationData Name="gPlayerAnimData_0630F0" FrameCount="15" Offset="0x630F0"/>
        <PlayerAnimationData Name="gPlayerAnimData_0638D0" FrameCount="18" Offset="0x638D0"/>
        <PlayerAnimationData Name="gPlayerAnimData_064240" FrameCount="19" Offset="0x64240"/>
        <PlayerAnimationData Name="gPlayerAnimData_064C40" FrameCount="34" Offset="0x64C40"/>
        <PlayerAnimationData Name="gPlayerAnimData_065E10" FrameCount="18" Offset="0x65E10"/>
        <PlayerAnimationData Name="gPlayerAnimData_066780" FrameCount="16" Offset="0x66780"/>
        <PlayerAnimationData Name="gPlayerAnimData_066FE0" FrameCount="16" Offset="0x66FE0"/>
        <PlayerAnimationData Name="gPlayerAnimData_067840" FrameCount="16" Offset="0x67840"/>
        <PlayerAnimationData Name="gPlayerAnimData_0680A0" FrameCount="16" Offset="0x680A0"/>
        <PlayerAnimationData Name="gPlayerAnimData_068900" FrameCount="8" Offset="0x68900"/>
        <PlayerAnimationData Name="gPlayerAnimData_068D30" FrameCount="8" Offset="0x68D30"/>
        <PlayerAnimationData Name="gPlayerAnimData_069160" FrameCount="7" Offset="0x69160"/>
        <PlayerAnimationData Name="gPlayerAnimData_069510" FrameCount="16" Offset="0x69510"/>
        <PlayerAnimationData Name="gPlayerAnimData_069D70" FrameCount="13" Offset="0x69D70"/>
        <PlayerAnimationData Name="gPlayerAnimData_06A440" FrameCount="21" Offset="0x6A440"/>
        <PlayerAnimationData Name="gPlayerAnimData_06AF40" FrameCount="19" Offset="0x6AF40"/>
        <PlayerAnimationData Name="gPlayerAnimData_06B940" FrameCount="9" Offset="0x6B940"/>
        <PlayerAnimationData Name="gPlayerAnimData_06BE00" FrameCount="32" Offset="0x6BE00"/>
        <PlayerAnimationData Name="gPlayerAnimData_06CEC0" FrameCount="15" Offset="0x6CEC0"/>
        <PlayerAnimationData Name="gPlayerAnimData_06D6A0" FrameCount="14" Offset="0x6D6A0"/>
        <PlayerAnimationData Name="gPlayerAnimData_06DE00" FrameCount="16" Offset="0x6DE00"/>
        <PlayerAnimationData Name="gPlayerAnimData_06E660" FrameCount="16" Offset="0x6E660"/>
        <PlayerAnimationData Name="gPlayerAnimData_06EEC0" FrameCount="29" Offset="0x6EEC0"/>
        <PlayerAnimationData Name="gPlayerAnimData_06FDF0" FrameCount="3" Offset="0x6FDF0"/>
        <PlayerAnimationData Name="gPlayerAnimData_06FF90" FrameCount="3" Offset="0x6FF90"/>
        <PlayerAnimationData Name="gPlayerAnimData_070130" FrameCount="3" Offset="0x70130"/>
        <PlayerAnimationData Name="gPlayerAnimData_0702D0" FrameCount="5" Offset="0x702D0"/>
        <PlayerAnimationData Name="gPlayerAnimData_070570" FrameCount="31" Offset="0x70570"/>
        <PlayerAnimationData Name="gPlayerAnimData_0715B0" FrameCount="16" Offset="0x715B0"/>
        <PlayerAnimationData Name="gPlayerAnimData_071E10" FrameCount="9" Offset="0x71E10"/>
        <PlayerAnimationData Name="gPlayerAnimData_0722D0" FrameCount="29" Offset="0x722D0"/>
        <PlayerAnimationData Name="gPlayerAnimData_073200" FrameCount="3" Offset="0x73200"/>
        <PlayerAnimationData Name="gPlayerAnimData_0733A0" FrameCount="3" Offset="0x733A0"/>
        <PlayerAnimationData Name="gPlayerAnimData_073540" FrameCount="3" Offset="0x73540"/>
        <PlayerAnimationData Name="gPlayerAnimData_0736E0" FrameCount="5" Offset="0x736E0"/>
        <PlayerAnimationData Name="gPlayerAnimData_073980" FrameCount="31" Offset="0x73980"/>
        <PlayerAnimationData Name="gPlayerAnimData_0749C0" FrameCount="16" Offset="0x749C0"/>
        <PlayerAnimationData Name="gPlayerAnimData_075220" FrameCount="9" Offset="0x75220"/>
        <PlayerAnimationData Name="gPlayerAnimData_0756E0" FrameCount="20" Offset="0x756E0"/>
        <PlayerAnimationData Name="gPlayerAnimData_076160" FrameCount="18" Offset="0x76160"/>
        <PlayerAnimationData Name="gPlayerAnimData_076AD0" FrameCount="20" Offset="0x76AD0"/>
        <PlayerAnimationData Name="gPlayerAnimData_077550" FrameCount="20" Offset="0x77550"/>
        <PlayerAnimationData Name="gPlayerAnimData_077FD0" FrameCount="16" Offset="0x77FD0"/>
        <PlayerAnimationData Name="gPlayerAnimData_078830" FrameCount="16" Offset="0x78830"/>
        <PlayerAnimationData Name="gPlayerAnimData_079090" FrameCount="6" Offset="0x79090"/>
        <PlayerAnimationData Name="gPlayerAnimData_0793C0" FrameCount="29" Offset="0x793C0"/>
        <PlayerAnimationData Name="gPlayerAnimData_07A2F0" FrameCount="29" Offset="0x7A2F0"/>
        <PlayerAnimationData Name="gPlayerAnimData_07B220" FrameCount="44" Offset="0x7B220"/>
        <PlayerAnimationData Name="gPlayerAnimData_07C930" FrameCount="13" Offset="0x7C930"/>
        <PlayerAnimationData Name="gPlayerAnimData_07D000" FrameCount="131" Offset="0x7D000"/>
        <PlayerAnimationData Name="gPlayerAnimData_0814A0" FrameCount="126" Offset="0x814A0"/>
        <PlayerAnimationData Name="gPlayerAnimData_0856A0" FrameCount="50" Offset="0x856A0"/>
        <PlayerAnimationData Name="gPlayerAnimData_0870D0" FrameCount="47" Offset="0x870D0"/>
        <PlayerAnimationData Name="gPlayerAnimData_088970" FrameCount="9" Offset="0x88970"/>
        <PlayerAnimationData Name="gPlayerAnimData_088E30" FrameCount="44" Offset="0x88E30"/>
        <PlayerAnimationData Name="gPlayerAnimData_08A540" FrameCount="21" Offset="0x8A540"/>
        <PlayerAnimationData Name="gPlayerAnimData_08B040" FrameCount="120" Offset="0x8B040"/>
        <PlayerAnimationData Name="gPlayerAnimData_08EF10" FrameCount="100" Offset="0x8EF10"/>
        <PlayerAnimationData Name="gPlayerAnimData_092370" FrameCount="20" Offset="0x92370"/>
        <PlayerAnimationData Name="gPlayerAnimData_092DF0" FrameCount="9" Offset="0x92DF0"/>
        <PlayerAnimationData Name="gPlayerAnimData_0932B0" FrameCount="3" Offset="0x932B0"/>
        <PlayerAnimationData Name="gPlayerAnimData_093450" FrameCount="16" Offset="0x93450"/>
        <PlayerAnimationData Name="gPlayerAnimData_093CB0" FrameCount="8" Offset="0x93CB0"/>
        <PlayerAnimationData Name="gPlayerAnimData_0940E0" FrameCount="66" Offset="0x940E0"/>
        <PlayerAnimationData Name="gPlayerAnimData_096370" FrameCount="5" Offset="0x96370"/>
        <PlayerAnimationData Name="gPlayerAnimData_096610" FrameCount="31" Offset="0x96610"/>
        <PlayerAnimationData Name="gPlayerAnimData_097650" FrameCount="18" Offset="0x97650"/>
        <PlayerAnimationData Name="gPlayerAnimData_097FC0" FrameCount="19" Offset="0x97FC0"/>
        <PlayerAnimationData Name="gPlayerAnimData_0989C0" FrameCount="24" Offset="0x989C0"/>
        <PlayerAnimationData Name="gPlayerAnimData_099650" FrameCount="9" Offset="0x99650"/>
        <PlayerAnimationData Name="gPlayerAnimData_099B10" FrameCount="100" Offset="0x99B10"/>
        <PlayerAnimationData Name="gPlayerAnimData_09CF70" FrameCount="71" Offset="0x9CF70"/>
        <PlayerAnimationData Name="gPlayerAnimData_09F4A0" FrameCount="80" Offset="0x9F4A0"/>
        <PlayerAnimationData Name="gPlayerAnimData_0A1E80" FrameCount="51" Offset="0xA1E80"/>
        <PlayerAnimationData Name="gPlayerAnimData_0A3940" FrameCount="133" Offset="0xA3940"/>
        <PlayerAnimationData Name="gPlayerAnimData_0A7EE0" FrameCount="90" Offset="0xA7EE0"/>
        <PlayerAnimationData Name="gPlayerAnimData_0AAE00" FrameCount="35" Offset="0xAAE00"/>
        <PlayerAnimationData Name="gPlayerAnimData_0AC060" FrameCount="40" Offset="0xAC060"/>
        <PlayerAnimationData Name="gPlayerAnimData_0AD550" FrameCount="25" Offset="0xAD550"/>
        <PlayerAnimationData Name="gPlayerAnimData_0AE270" FrameCount="20" Offset="0xAE270"/>
        <PlayerAnimationData Name="gPlayerAnimData_0AECF0" FrameCount="100" Offset="0xAECF0"/>
        <PlayerAnimationData Name="gPlayerAnimData_0B2150" FrameCount="100" Offset="0xB2150"/>
        <PlayerAnimationData Name="gPlayerAnimData_0B55B0" FrameCount="100" Offset="0xB55B0"/>
        <PlayerAnimationData Name="gPlayerAnimData_0B8A10" FrameCount="100" Offset="0xB8A10"/>
        <PlayerAnimationData Name="gPlayerAnimData_0BBE70" FrameCount="80" Offset="0xBBE70"/>
        <PlayerAnimationData Name="gPlayerAnimData_0BE850" FrameCount="45" Offset="0xBE850"/>
        <PlayerAnimationData Name="gPlayerAnimData_0BFFE0" FrameCount="30" Offset="0xBFFE0"/>
        <PlayerAnimationData Name="gPlayerAnimData_0C0FA0" FrameCount="22" Offset="0xC0FA0"/>
        <PlayerAnimationData Name="gPlayerAnimData_0C1B30" FrameCount="22" Offset="0xC1B30"/>
        <PlayerAnimationData Name="gPlayerAnimData_0C26C0" FrameCount="46" Offset="0xC26C0"/>
        <PlayerAnimationData Name="gPlayerAnimData_0C3EE0" FrameCount="20" Offset="0xC3EE0"/>
        <PlayerAnimationData Name="gPlayerAnimData_0C4960" FrameCount="10" Offset="0xC4960"/>
        <PlayerAnimationData Name="gPlayerAnimData_0C4EA0" FrameCount="100" Offset="0xC4EA0"/>
        <PlayerAnimationData Name="gPlayerAnimData_0C8300" FrameCount="20" Offset="0xC8300"/>
        <PlayerAnimationData Name="gPlayerAnimData_0C8D80" FrameCount="85" Offset="0xC8D80"/>
        <PlayerAnimationData Name="gPlayerAnimData_0CBA00" FrameCount="25" Offset="0xCBA00"/>
        <PlayerAnimationData Name="gPlayerAnimData_0CC720" FrameCount="20" Offset="0xCC720"/>
        <PlayerAnimationData Name="gPlayerAnimData_0CD1A0" FrameCount="20" Offset="0xCD1A0"/>
        <PlayerAnimationData Name="gPlayerAnimData_0CDC20" FrameCount="15" Offset="0xCDC20"/>
        <PlayerAnimationData Name="gPlayerAnimData_0CE400" FrameCount="20" Offset="0xCE400"/>
        <PlayerAnimationData Name="gPlayerAnimData_0CEE80" FrameCount="10" Offset="0xCEE80"/>
        <PlayerAnimationData Name="gPlayerAnimData_0CF3C0" FrameCount="20" Offset="0xCF3C0"/>
        <PlayerAnimationData Name="gPlayerAnimData_0CFE40" FrameCount="35" Offset="0xCFE40"/>
        <PlayerAnimationData Name="gPlayerAnimData_0D10A0" FrameCount="15" Offset="0xD10A0"/>
        <PlayerAnimationData Name="gPlayerAnimData_0D1880" FrameCount="20" Offset="0xD1880"/>
        <PlayerAnimationData Name="gPlayerAnimData_0D2300" FrameCount="28" Offset="0xD2300"/>
        <PlayerAnimationData Name="gPlayerAnimData_0D31B0" FrameCount="35" Offset="0xD31B0"/>
        <PlayerAnimationData Name="gPlayerAnimData_0D4410" FrameCount="20" Offset="0xD4410"/>
        <PlayerAnimationData Name="gPlayerAnimData_0D4E90" FrameCount="70" Offset="0xD4E90"/>
        <PlayerAnimationData Name="gPlayerAnimData_0D7340" FrameCount="35" Offset="0xD7340"/>
        <PlayerAnimationData Name="gPlayerAnimData_0D85A0" FrameCount="80" Offset="0xD85A0"/>
        <PlayerAnimationData Name="gPlayerAnimData_0DAF80" FrameCount="11" Offset="0xDAF80"/>
        <PlayerAnimationData Name="gPlayerAnimData_0DB550" FrameCount="30" Offset="0xDB550"/>
        <PlayerAnimationData Name="gPlayerAnimData_0DC510" FrameCount="10" Offset="0xDC510"/>
        <PlayerAnimationData Name="gPlayerAnimData_0DCA50" FrameCount="30" Offset="0xDCA50"/>
        <PlayerAnimationData Name="gPlayerAnimData_0DDA10" FrameCount="70" Offset="0xDDA10"/>
        <PlayerAnimationData Name="gPlayerAnimData_0DFEC0" FrameCount="15" Offset="0xDFEC0"/>
        <PlayerAnimationData Name="gPlayerAnimData_0E06A0" FrameCount="25" Offset="0xE06A0"/>
        <PlayerAnimationData Name="gPlayerAnimData_0E13C0" FrameCount="230" Offset="0xE13C0"/>
        <PlayerAnimationData Name="gPlayerAnimData_0E8C30" FrameCount="6" Offset="0xE8C30"/>
        <PlayerAnimationData Name="gPlayerAnimData_0E8F60" FrameCount="13" Offset="0xE8F60"/>
        <PlayerAnimationData Name="gPlayerAnimData_0E9630" FrameCount="9" Offset="0xE9630"/>
        <PlayerAnimationData Name="gPlayerAnimData_0E9AF0" FrameCount="16" Offset="0xE9AF0"/>
        <PlayerAnimationData Name="gPlayerAnimData_0EA350" FrameCount="6" Offset="0xEA350"/>
        <PlayerAnimationData Name="gPlayerAnimData_0EA680" FrameCount="11" Offset="0xEA680"/>
        <PlayerAnimationData Name="gPlayerAnimData_0EAC50" FrameCount="6" Offset="0xEAC50"/>
        <PlayerAnimationData Name="gPlayerAnimData_0EAF80" FrameCount="17" Offset="0xEAF80"/>
        <PlayerAnimationData Name="gPlayerAnimData_0EB870" FrameCount="5" Offset="0xEB870"/>
        <PlayerAnimationData Name="gPlayerAnimData_0EBB10" FrameCount="9" Offset="0xEBB10"/>
        <PlayerAnimationData Name="gPlayerAnimData_0EBFD0" FrameCount="8" Offset="0xEBFD0"/>
        <PlayerAnimationData Name="gPlayerAnimData_0EC400" FrameCount="11" Offset="0xEC400"/>
        <PlayerAnimationData Name="gPlayerAnimData_0EC9D0" FrameCount="3" Offset="0xEC9D0"/>
        <PlayerAnimationData Name="gPlayerAnimData_0ECB70" FrameCount="10" Offset="0xECB70"/>
        <PlayerAnimationData Name="gPlayerAnimData_0ED0B0" FrameCount="9" Offset="0xED0B0"/>
        <PlayerAnimationData Name="gPlayerAnimData_0ED570" FrameCount="13" Offset="0xED570"/>
        <PlayerAnimationData Name="gPlayerAnimData_0EDC40" FrameCount="10" Offset="0xEDC40"/>
        <PlayerAnimationData Name="gPlayerAnimData_0EE180" FrameCount="19" Offset="0xEE180"/>
        <PlayerAnimationData Name="gPlayerAnimData_0EEB80" FrameCount="9" Offset="0xEEB80"/>
        <PlayerAnimationData Name="gPlayerAnimData_0EF040" FrameCount="21" Offset="0xEF040"/>
        <PlayerAnimationData Name="gPlayerAnimData_0EFB40" FrameCount="16" Offset="0xEFB40"/>
        <PlayerAnimationData Name="gPlayerAnimData_0F03A0" FrameCount="35" Offset="0xF03A0"/>
        <PlayerAnimationData Name="gPlayerAnimData_0F1600" FrameCount="15" Offset="0xF1600"/>
        <PlayerAnimationData Name="gPlayerAnimData_0F1DE0" FrameCount="21" Offset="0xF1DE0"/>
        <PlayerAnimationData Name="gPlayerAnimData_0F28E0" FrameCount="16" Offset="0xF28E0"/>
        <PlayerAnimationData Name="gPlayerAnimData_0F3140" FrameCount="12" Offset="0xF3140"/>
        <PlayerAnimationData Name="gPlayerAnimData_0F3790" FrameCount="7" Offset="0xF3790"/>
        <PlayerAnimationData Name="gPlayerAnimData_0F3B40" FrameCount="8" Offset="0xF3B40"/>
        <PlayerAnimationData Name="gPlayerAnimData_0F3F70" FrameCount="8" Offset="0xF3F70"/>
        <PlayerAnimationData Name="gPlayerAnimData_0F43A0" FrameCount="5" Offset="0xF43A0"/>
        <PlayerAnimationData Name="gPlayerAnimData_0F4640" FrameCount="9" Offset="0xF4640"/>
        <PlayerAnimationData Name="gPlayerAnimData_0F4B00" FrameCount="9" Offset="0xF4B00"/>
        <PlayerAnimationData Name="gPlayerAnimData_0F4FC0" FrameCount="15" Offset="0xF4FC0"/>
        <PlayerAnimationData Name="gPlayerAnimData_0F57A0" FrameCount="7" Offset="0xF57A0"/>
        <PlayerAnimationData Name="gPlayerAnimData_0F5B50" FrameCount="8" Offset="0xF5B50"/>
        <PlayerAnimationData Name="gPlayerAnimData_0F5F80" FrameCount="8" Offset="0xF5F80"/>
        <PlayerAnimationData Name="gPlayerAnimData_0F63B0" FrameCount="5" Offset="0xF63B0"/>
        <PlayerAnimationData Name="gPlayerAnimData_0F6650" FrameCount="12" Offset="0xF6650"/>
        <PlayerAnimationData Name="gPlayerAnimData_0F6CA0" FrameCount="7" Offset="0xF6CA0"/>
        <PlayerAnimationData Name="gPlayerAnimData_0F7050" FrameCount="18" Offset="0xF7050"/>
        <PlayerAnimationData Name="gPlayerAnimData_0F79C0" FrameCount="17" Offset="0xF79C0"/>
        <PlayerAnimationData Name="gPlayerAnimData_0F82B0" FrameCount="12" Offset="0xF82B0"/>
        <PlayerAnimationData Name="gPlayerAnimData_0F8900" FrameCount="15" Offset="0xF8900"/>
        <PlayerAnimationData Name="gPlayerAnimData_0F90E0" FrameCount="7" Offset="0xF90E0"/>
        <PlayerAnimationData Name="gPlayerAnimData_0F9490" FrameCount="12" Offset="0xF9490"/>
        <PlayerAnimationData Name="gPlayerAnimData_0F9AE0" FrameCount="20" Offset="0xF9AE0"/>
        <PlayerAnimationData Name="gPlayerAnimData_0FA560" FrameCount="20" Offset="0xFA560"/>
        <PlayerAnimationData Name="gPlayerAnimData_0FAFE0" FrameCount="3" Offset="0xFAFE0"/>
        <PlayerAnimationData Name="gPlayerAnimData_0FB180" FrameCount="5" Offset="0xFB180"/>
        <PlayerAnimationData Name="gPlayerAnimData_0FB420" FrameCount="9" Offset="0xFB420"/>
        <PlayerAnimationData Name="gPlayerAnimData_0FB8E0" FrameCount="31" Offset="0xFB8E0"/>
        <PlayerAnimationData Name="gPlayerAnimData_0FC920" FrameCount="31" Offset="0xFC920"/>
        <PlayerAnimationData Name="gPlayerAnimData_0FD960" FrameCount="20" Offset="0xFD960"/>
        <PlayerAnimationData Name="gPlayerAnimData_0FE3E0" FrameCount="10" Offset="0xFE3E0"/>
        <PlayerAnimationData Name="gPlayerAnimData_0FE920" FrameCount="21" Offset="0xFE920"/>
        <PlayerAnimationData Name="gPlayerAnimData_0FF420" FrameCount="21" Offset="0xFF420"/>
        <PlayerAnimationData Name="gPlayerAnimData_0FFF20" FrameCount="20" Offset="0xFFF20"/>
        <PlayerAnimationData Name="gPlayerAnimData_1009A0" FrameCount="10" Offset="0x1009A0"/>
        <PlayerAnimationData Name="gPlayerAnimData_100EE0" FrameCount="10" Offset="0x100EE0"/>
        <PlayerAnimationData Name="gPlayerAnimData_101420" FrameCount="12" Offset="0x101420"/>
        <PlayerAnimationData Name="gPlayerAnimData_101A70" FrameCount="11" Offset="0x101A70"/>
        <PlayerAnimationData Name="gPlayerAnimData_102040" FrameCount="32" Offset="0x102040"/>
        <PlayerAnimationData Name="gPlayerAnimData_103100" FrameCount="20" Offset="0x103100"/>
        <PlayerAnimationData Name="gPlayerAnimData_103B80" FrameCount="20" Offset="0x103B80"/>
        <PlayerAnimationData Name="gPlayerAnimData_104600" FrameCount="5" Offset="0x104600"/>
        <PlayerAnimationData Name="gPlayerAnimData_1048A0" FrameCount="8" Offset="0x1048A0"/>
        <PlayerAnimationData Name="gPlayerAnimData_104CD0" FrameCount="9" Offset="0x104CD0"/>
        <PlayerAnimationData Name="gPlayerAnimData_105190" FrameCount="6" Offset="0x105190"/>
        <PlayerAnimationData Name="gPlayerAnimData_1054C0" FrameCount="19" Offset="0x1054C0"/>
        <PlayerAnimationData Name="gPlayerAnimData_105EC0" FrameCount="4" Offset="0x105EC0"/>
        <PlayerAnimationData Name="gPlayerAnimData_1060E0" FrameCount="9" Offset="0x1060E0"/>
        <PlayerAnimationData Name="gPlayerAnimData_1065A0" FrameCount="10" Offset="0x1065A0"/>
        <PlayerAnimationData Name="gPlayerAnimData_106AE0" FrameCount="19" Offset="0x106AE0"/>
        <PlayerAnimationData Name="gPlayerAnimData_1074E0" FrameCount="20" Offset="0x1074E0"/>
        <PlayerAnimationData Name="gPlayerAnimData_107F60" FrameCount="39" Offset="0x107F60"/>
        <PlayerAnimationData Name="gPlayerAnimData_1093D0" FrameCount="21" Offset="0x1093D0"/>
        <PlayerAnimationData Name="gPlayerAnimData_109ED0" FrameCount="11" Offset="0x109ED0"/>
        <PlayerAnimationData Name="gPlayerAnimData_10A4A0" FrameCount="11" Offset="0x10A4A0"/>
        <PlayerAnimationData Name="gPlayerAnimData_10AA70" FrameCount="34" Offset="0x10AA70"/>
        <PlayerAnimationData Name="gPlayerAnimData_10BC40" FrameCount="15" Offset="0x10BC40"/>
        <PlayerAnimationData Name="gPlayerAnimData_10C420" FrameCount="21" Offset="0x10C420"/>
        <PlayerAnimationData Name="gPlayerAnimData_10CF20" FrameCount="11" Offset="0x10CF20"/>
        <PlayerAnimationData Name="gPlayerAnimData_10D4F0" FrameCount="11" Offset="0x10D4F0"/>
        <PlayerAnimationData Name="gPlayerAnimData_10DAC0" FrameCount="13" Offset="0x10DAC0"/>
        <PlayerAnimationData Name="gPlayerAnimData_10E190" FrameCount="13" Offset="0x10E190"/>
        <PlayerAnimationData Name="gPlayerAnimData_10E860" FrameCount="13" Offset="0x10E860"/>
        <PlayerAnimationData Name="gPlayerAnimData_10EF30" FrameCount="16" Offset="0x10EF30"/>
        <PlayerAnimationData Name="gPlayerAnimData_10F790" FrameCount="20" Offset="0x10F790"/>
        <PlayerAnimationData Name="gPlayerAnimData_110210" FrameCount="20" Offset="0x110210"/>
        <PlayerAnimationData Name="gPlayerAnimData_110C90" FrameCount="20" Offset="0x110C90"/>
        <PlayerAnimationData Name="gPlayerAnimData_111710" FrameCount="20" Offset="0x111710"/>
        <PlayerAnimationData Name="gPlayerAnimData_112190" FrameCount="16" Offset="0x112190"/>
        <PlayerAnimationData Name="gPlayerAnimData_1129F0" FrameCount="16" Offset="0x1129F0"/>
        <PlayerAnimationData Name="gPlayerAnimData_113250" FrameCount="29" Offset="0x113250"/>
        <PlayerAnimationData Name="gPlayerAnimData_114180" FrameCount="5" Offset="0x114180"/>
        <PlayerAnimationData Name="gPlayerAnimData_114420" FrameCount="16" Offset="0x114420"/>
        <PlayerAnimationData Name="gPlayerAnimData_114C80" FrameCount="6" Offset="0x114C80"/>
        <PlayerAnimationData Name="gPlayerAnimData_114FB0" FrameCount="16" Offset="0x114FB0"/>
        <PlayerAnimationData Name="gPlayerAnimData_115810" FrameCount="22" Offset="0x115810"/>
        <PlayerAnimationData Name="gPlayerAnimData_1163A0" FrameCount="5" Offset="0x1163A0"/>
        <PlayerAnimationData Name="gPlayerAnimData_116640" FrameCount="14" Offset="0x116640"/>
        <PlayerAnimationData Name="gPlayerAnimData_116DA0" FrameCount="6" Offset="0x116DA0"/>
        <PlayerAnimationData Name="gPlayerAnimData_1170D0" FrameCount="6" Offset="0x1170D0"/>
        <PlayerAnimationData Name="gPlayerAnimData_117400" FrameCount="13" Offset="0x117400"/>
        <PlayerAnimationData Name="gPlayerAnimData_117AD0" FrameCount="29" Offset="0x117AD0"/>
        <PlayerAnimationData Name="gPlayerAnimData_118A00" FrameCount="13" Offset="0x118A00"/>
        <PlayerAnimationData Name="gPlayerAnimData_1190D0" FrameCount="29" Offset="0x1190D0"/>
        <PlayerAnimationData Name="gPlayerAnimData_11A000" FrameCount="22" Offset="0x11A000"/>
        <PlayerAnimationData Name="gPlayerAnimData_11AB90" FrameCount="89" Offset="0x11AB90"/>
        <PlayerAnimationData Name="gPlayerAnimData_11DA30" FrameCount="11" Offset="0x11DA30"/>
        <PlayerAnimationData Name="gPlayerAnimData_11E000" FrameCount="11" Offset="0x11E000"/>
        <PlayerAnimationData Name="gPlayerAnimData_11E5D0" FrameCount="29" Offset="0x11E5D0"/>
        <PlayerAnimationData Name="gPlayerAnimData_11F500" FrameCount="51" Offset="0x11F500"/>
        <PlayerAnimationData Name="gPlayerAnimData_120FC0" FrameCount="10" Offset="0x120FC0"/>
        <PlayerAnimationData Name="gPlayerAnimData_121500" FrameCount="6" Offset="0x121500"/>
        <PlayerAnimationData Name="gPlayerAnimData_121830" FrameCount="6" Offset="0x121830"/>
        <PlayerAnimationData Name="gPlayerAnimData_121B60" FrameCount="6" Offset="0x121B60"/>
        <PlayerAnimationData Name="gPlayerAnimData_121E90" FrameCount="6" Offset="0x121E90"/>
        <PlayerAnimationData Name="gPlayerAnimData_1221C0" FrameCount="50" Offset="0x1221C0"/>
        <PlayerAnimationData Name="gPlayerAnimData_123BF0" FrameCount="41" Offset="0x123BF0"/>
        <PlayerAnimationData Name="gPlayerAnimData_125170" FrameCount="11" Offset="0x125170"/>
        <PlayerAnimationData Name="gPlayerAnimData_125740" FrameCount="23" Offset="0x125740"/>
        <PlayerAnimationData Name="gPlayerAnimData_126350" FrameCount="23" Offset="0x126350"/>
        <PlayerAnimationData Name="gPlayerAnimData_126F60" FrameCount="20" Offset="0x126F60"/>
        <PlayerAnimationData Name="gPlayerAnimData_1279E0" FrameCount="20" Offset="0x1279E0"/>
        <PlayerAnimationData Name="gPlayerAnimData_128460" FrameCount="20" Offset="0x128460"/>
        <PlayerAnimationData Name="gPlayerAnimData_128EE0" FrameCount="12" Offset="0x128EE0"/>
        <PlayerAnimationData Name="gPlayerAnimData_129530" FrameCount="23" Offset="0x129530"/>
        <PlayerAnimationData Name="gPlayerAnimData_12A140" FrameCount="23" Offset="0x12A140"/>
        <PlayerAnimationData Name="gPlayerAnimData_12AD50" FrameCount="72" Offset="0x12AD50"/>
        <PlayerAnimationData Name="gPlayerAnimData_12D300" FrameCount="9" Offset="0x12D300"/>
        <PlayerAnimationData Name="gPlayerAnimData_12D7C0" FrameCount="21" Offset="0x12D7C0"/>
        <PlayerAnimationData Name="gPlayerAnimData_12E2C0" FrameCount="9" Offset="0x12E2C0"/>
        <PlayerAnimationData Name="gPlayerAnimData_12E780" FrameCount="18" Offset="0x12E780"/>
        <PlayerAnimationData Name="gPlayerAnimData_12F0F0" FrameCount="18" Offset="0x12F0F0"/>
        <PlayerAnimationData Name="gPlayerAnimData_12FA60" FrameCount="24" Offset="0x12FA60"/>
        <PlayerAnimationData Name="gPlayerAnimData_1306F0" FrameCount="69" Offset="0x1306F0"/>
        <PlayerAnimationData Name="gPlayerAnimData_132B10" FrameCount="9" Offset="0x132B10"/>
        <PlayerAnimationData Name="gPlayerAnimData_132FD0" FrameCount="82" Offset="0x132FD0"/>
        <PlayerAnimationData Name="gPlayerAnimData_135AC0" FrameCount="28" Offset="0x135AC0"/>
        <PlayerAnimationData Name="gPlayerAnimData_136970" FrameCount="60" Offset="0x136970"/>
        <PlayerAnimationData Name="gPlayerAnimData_1388E0" FrameCount="25" Offset="0x1388E0"/>
        <PlayerAnimationData Name="gPlayerAnimData_139600" FrameCount="60" Offset="0x139600"/>
        <PlayerAnimationData Name="gPlayerAnimData_13B570" FrameCount="56" Offset="0x13B570"/>
        <PlayerAnimationData Name="gPlayerAnimData_13D2C0" FrameCount="9" Offset="0x13D2C0"/>
        <PlayerAnimationData Name="gPlayerAnimData_13D780" FrameCount="32" Offset="0x13D780"/>
        <PlayerAnimationData Name="gPlayerAnimData_13E840" FrameCount="52" Offset="0x13E840"/>
        <PlayerAnimationData Name="gPlayerAnimData_140380" FrameCount="29" Offset="0x140380"/>
        <PlayerAnimationData Name="gPlayerAnimData_1412B0" FrameCount="49" Offset="0x1412B0"/>
        <PlayerAnimationData Name="gPlayerAnimData_142C60" FrameCount="43" Offset="0x142C60"/>
        <PlayerAnimationData Name="gPlayerAnimData_1442F0" FrameCount="44" Offset="0x1442F0"/>
        <PlayerAnimationData Name="gPlayerAnimData_145A00" FrameCount="28" Offset="0x145A00"/>
        <PlayerAnimationData Name="gPlayerAnimData_1468B0" FrameCount="45" Offset="0x1468B0"/>
        <PlayerAnimationData Name="gPlayerAnimData_148040" FrameCount="10" Offset="0x148040"/>
        <PlayerAnimationData Name="gPlayerAnimData_148580" FrameCount="50" Offset="0x148580"/>
        <PlayerAnimationData Name="gPlayerAnimData_149FB0" FrameCount="10" Offset="0x149FB0"/>
        <PlayerAnimationData Name="gPlayerAnimData_14A4F0" FrameCount="10" Offset="0x14A4F0"/>
        <PlayerAnimationData Name="gPlayerAnimData_14AA30" FrameCount="30" Offset="0x14AA30"/>
        <PlayerAnimationData Name="gPlayerAnimData_14B9F0" FrameCount="21" Offset="0x14B9F0"/>
        <PlayerAnimationData Name="gPlayerAnimData_14C4F0" FrameCount="21" Offset="0x14C4F0"/>
        <PlayerAnimationData Name="gPlayerAnimData_14CFF0" FrameCount="30" Offset="0x14CFF0"/>
        <PlayerAnimationData Name="gPlayerAnimData_14DFB0" FrameCount="15" Offset="0x14DFB0"/>
        <PlayerAnimationData Name="gPlayerAnimData_14E790" FrameCount="21" Offset="0x14E790"/>
        <PlayerAnimationData Name="gPlayerAnimData_14F290" FrameCount="21" Offset="0x14F290"/>
        <PlayerAnimationData Name="gPlayerAnimData_14FD90" FrameCount="12" Offset="0x14FD90"/>
        <PlayerAnimationData Name="gPlayerAnimData_1503E0" FrameCount="12" Offset="0x1503E0"/>
        <PlayerAnimationData Name="gPlayerAnimData_150A30" FrameCount="6" Offset="0x150A30"/>
        <PlayerAnimationData Name="gPlayerAnimData_150D60" FrameCount="14" Offset="0x150D60"/>
        <PlayerAnimationData Name="gPlayerAnimData_1514C0" FrameCount="36" Offset="0x1514C0"/>
        <PlayerAnimationData Name="gPlayerAnimData_1527A0" FrameCount="16" Offset="0x1527A0"/>
        <PlayerAnimationData Name="gPlayerAnimData_153000" FrameCount="16" Offset="0x153000"/>
        <PlayerAnimationData Name="gPlayerAnimData_153860" FrameCount="8" Offset="0x153860"/>
        <PlayerAnimationData Name="gPlayerAnimData_153C90" FrameCount="8" Offset="0x153C90"/>
        <PlayerAnimationData Name="gPlayerAnimData_1540C0" FrameCount="29" Offset="0x1540C0"/>
        <PlayerAnimationData Name="gPlayerAnimData_154FF0" FrameCount="13" Offset="0x154FF0"/>
        <PlayerAnimationData Name="gPlayerAnimData_1556C0" FrameCount="50" Offset="0x1556C0"/>
        <PlayerAnimationData Name="gPlayerAnimData_1570F0" FrameCount="36" Offset="0x1570F0"/>
        <PlayerAnimationData Name="gPlayerAnimData_1583D0" FrameCount="17" Offset="0x1583D0"/>
        <PlayerAnimationData Name="gPlayerAnimData_158CC0" FrameCount="55" Offset="0x158CC0"/>
        <PlayerAnimationData Name="gPlayerAnimData_15A990" FrameCount="20" Offset="0x15A990"/>
        <PlayerAnimationData Name="gPlayerAnimData_15B410" FrameCount="10" Offset="0x15B410"/>
        <PlayerAnimationData Name="gPlayerAnimData_15B950" FrameCount="10" Offset="0x15B950"/>
        <PlayerAnimationData Name="gPlayerAnimData_15BE90" FrameCount="20" Offset="0x15BE90"/>
        <PlayerAnimationData Name="gPlayerAnimData_15C910" FrameCount="54" Offset="0x15C910"/>
        <PlayerAnimationData Name="gPlayerAnimData_15E560" FrameCount="54" Offset="0x15E560"/>
        <PlayerAnimationData Name="gPlayerAnimData_1601B0" FrameCount="29" Offset="0x1601B0"/>
        <PlayerAnimationData Name="gPlayerAnimData_1610E0" FrameCount="27" Offset="0x1610E0"/>
        <PlayerAnimationData Name="gPlayerAnimData_161F10" FrameCount="28" Offset="0x161F10"/>
        <PlayerAnimationData Name="gPlayerAnimData_162DC0" FrameCount="56" Offset="0x162DC0"/>
        <PlayerAnimationData Name="gPlayerAnimData_164B10" FrameCount="56" Offset="0x164B10"/>
        <PlayerAnimationData Name="gPlayerAnimData_166860" FrameCount="30" Offset="0x166860"/>
        <PlayerAnimationData Name="gPlayerAnimData_167820" FrameCount="56" Offset="0x167820"/>
        <PlayerAnimationData Name="gPlayerAnimData_169570" FrameCount="29" Offset="0x169570"/>
        <PlayerAnimationData Name="gPlayerAnimData_16A4A0" FrameCount="21" Offset="0x16A4A0"/>
        <PlayerAnimationData Name="gPlayerAnimData_16AFA0" FrameCount="21" Offset="0x16AFA0"/>
        <PlayerAnimationData Name="gPlayerAnimData_16BAA0" FrameCount="20" Offset="0x16BAA0"/>
        <PlayerAnimationData Name="gPlayerAnimData_16C520" FrameCount="2" Offset="0x16C520"/>
        <PlayerAnimationData Name="gPlayerAnimData_16C630" FrameCount="5" Offset="0x16C630"/>
        <PlayerAnimationData Name="gPlayerAnimData_16C8D0" FrameCount="5" Offset="0x16C8D0"/>
        <PlayerAnimationData Name="gPlayerAnimData_16CB70" FrameCount="5" Offset="0x16CB70"/>
        <PlayerAnimationData Name="gPlayerAnimData_16CE10" FrameCount="9" Offset="0x16CE10"/>
        <PlayerAnimationData Name="gPlayerAnimData_16D2D0" FrameCount="5" Offset="0x16D2D0"/>
        <PlayerAnimationData Name="gPlayerAnimData_16D570" FrameCount="20" Offset="0x16D570"/>
        <PlayerAnimationData Name="gPlayerAnimData_16DFF0" FrameCount="20" Offset="0x16DFF0"/>
        <PlayerAnimationData Name="gPlayerAnimData_16EA70" FrameCount="10" Offset="0x16EA70"/>
        <PlayerAnimationData Name="gPlayerAnimData_16EFB0" FrameCount="19" Offset="0x16EFB0"/>
        <PlayerAnimationData Name="gPlayerAnimData_16F9B0" FrameCount="19" Offset="0x16F9B0"/>
        <PlayerAnimationData Name="gPlayerAnimData_1703B0" FrameCount="19" Offset="0x1703B0"/>
        <PlayerAnimationData Name="gPlayerAnimData_170DB0" FrameCount="26" Offset="0x170DB0"/>
        <PlayerAnimationData Name="gPlayerAnimData_171B50" FrameCount="113" Offset="0x171B50"/>
        <PlayerAnimationData Name="gPlayerAnimData_175680" FrameCount="37" Offset="0x175680"/>
        <PlayerAnimationData Name="gPlayerAnimData_1769E0" FrameCount="86" Offset="0x1769E0"/>
        <PlayerAnimationData Name="gPlayerAnimData_1796F0" FrameCount="61" Offset="0x1796F0"/>
        <PlayerAnimationData Name="gPlayerAnimData_17B6E0" FrameCount="61" Offset="0x17B6E0"/>
        <PlayerAnimationData Name="gPlayerAnimData_17D6D0" FrameCount="20" Offset="0x17D6D0"/>
        <PlayerAnimationData Name="gPlayerAnimData_17E150" FrameCount="20" Offset="0x17E150"/>
        <PlayerAnimationData Name="gPlayerAnimData_17EBD0" FrameCount="20" Offset="0x17EBD0"/>
        <PlayerAnimationData Name="gPlayerAnimData_17F650" FrameCount="20" Offset="0x17F650"/>
        <PlayerAnimationData Name="gPlayerAnimData_1800D0" FrameCount="20" Offset="0x1800D0"/>
        <PlayerAnimationData Name="gPlayerAnimData_180B50" FrameCount="5" Offset="0x180B50"/>
        <PlayerAnimationData Name="gPlayerAnimData_180DF0" FrameCount="12" Offset="0x180DF0"/>
        <PlayerAnimationData Name="gPlayerAnimData_181440" FrameCount="39" Offset="0x181440"/>
        <PlayerAnimationData Name="gPlayerAnimData_1828B0" FrameCount="16" Offset="0x1828B0"/>
        <PlayerAnimationData Name="gPlayerAnimData_183110" FrameCount="8" Offset="0x183110"/>
        <PlayerAnimationData Name="gPlayerAnimData_183540" FrameCount="8" Offset="0x183540"/>
        <PlayerAnimationData Name="gPlayerAnimData_183970" FrameCount="47" Offset="0x183970"/>
        <PlayerAnimationData Name="gPlayerAnimData_185210" FrameCount="11" Offset="0x185210"/>
        <PlayerAnimationData Name="gPlayerAnimData_1857E0" FrameCount="252" Offset="0x1857E0"/>
        <PlayerAnimationData Name="gPlayerAnimData_18DBD0" FrameCount="19" Offset="0x18DBD0"/>
        <PlayerAnimationData Name="gPlayerAnimData_18E5D0" FrameCount="20" Offset="0x18E5D0"/>
        <PlayerAnimationData Name="gPlayerAnimData_18F050" FrameCount="20" Offset="0x18F050"/>
        <PlayerAnimationData Name="gPlayerAnimData_18FAD0" FrameCount="28" Offset="0x18FAD0"/>
        <PlayerAnimationData Name="gPlayerAnimData_190980" FrameCount="28" Offset="0x190980"/>
        <PlayerAnimationData Name="gPlayerAnimData_191830" FrameCount="28" Offset="0x191830"/>
        <PlayerAnimationData Name="gPlayerAnimData_1926E0" FrameCount="16" Offset="0x1926E0"/>
        <PlayerAnimationData Name="gPlayerAnimData_192F40" FrameCount="9" Offset="0x192F40"/>
        <PlayerAnimationData Name="gPlayerAnimData_193400" FrameCount="12" Offset="0x193400"/>
        <PlayerAnimationData Name="gPlayerAnimData_193A50" FrameCount="18" Offset="0x193A50"/>
        <PlayerAnimationData Name="gPlayerAnimData_1943C0" FrameCount="18" Offset="0x1943C0"/>
        <PlayerAnimationData Name="gPlayerAnimData_194D30" FrameCount="38" Offset="0x194D30"/>
        <PlayerAnimationData Name="gPlayerAnimData_196120" FrameCount="38" Offset="0x196120"/>
        <PlayerAnimationData Name="gPlayerAnimData_197510" FrameCount="73" Offset="0x197510"/>
        <PlayerAnimationData Name="gPlayerAnimData_199B50" FrameCount="72" Offset="0x199B50"/>
        <PlayerAnimationData Name="gPlayerAnimData_19C100" FrameCount="36" Offset="0x19C100"/>
        <PlayerAnimationData Name="gPlayerAnimData_19D3E0" FrameCount="21" Offset="0x19D3E0"/>
        <PlayerAnimationData Name="gPlayerAnimData_19DEE0" FrameCount="21" Offset="0x19DEE0"/>
        <PlayerAnimationData Name="gPlayerAnimData_19E9E0" FrameCount="32" Offset="0x19E9E0"/>
        <PlayerAnimationData Name="gPlayerAnimData_19FAA0" FrameCount="32" Offset="0x19FAA0"/>
        <PlayerAnimationData Name="gPlayerAnimData_1A0B60" FrameCount="20" Offset="0x1A0B60"/>
        <PlayerAnimationData Name="gPlayerAnimData_1A15E0" FrameCount="12" Offset="0x1A15E0"/>
        <PlayerAnimationData Name="gPlayerAnimData_1A1C30" FrameCount="19" Offset="0x1A1C30"/>
        <PlayerAnimationData Name="gPlayerAnimData_1A2630" FrameCount="20" Offset="0x1A2630"/>
        <PlayerAnimationData Name="gPlayerAnimData_1A30B0" FrameCount="9" Offset="0x1A30B0"/>
        <PlayerAnimationData Name="gPlayerAnimData_1A3570" FrameCount="7" Offset="0x1A3570"/>
        <PlayerAnimationData Name="gPlayerAnimData_1A3920" FrameCount="5" Offset="0x1A3920"/>
        <PlayerAnimationData Name="gPlayerAnimData_1A3BC0" FrameCount="20" Offset="0x1A3BC0"/>
        <PlayerAnimationData Name="gPlayerAnimData_1A4640" FrameCount="20" Offset="0x1A4640"/>
        <PlayerAnimationData Name="gPlayerAnimData_1A50C0" FrameCount="20" Offset="0x1A50C0"/>
        <PlayerAnimationData Name="gPlayerAnimData_1A5B40" FrameCount="20" Offset="0x1A5B40"/>
        <PlayerAnimationData Name="gPlayerAnimData_1A65C0" FrameCount="12" Offset="0x1A65C0"/>
        <PlayerAnimationData Name="gPlayerAnimData_1A6C10" FrameCount="12" Offset="0x1A6C10"/>
        <PlayerAnimationData Name="gPlayerAnimData_1A7260" FrameCount="68" Offset="0x1A7260"/>
        <PlayerAnimationData Name="gPlayerAnimData_1A9600" FrameCount="16" Offset="0x1A9600"/>
        <PlayerAnimationData Name="gPlayerAnimData_1A9E60" FrameCount="16" Offset="0x1A9E60"/>
        <PlayerAnimationData Name="gPlayerAnimData_1AA6C0" FrameCount="16" Offset="0x1AA6C0"/>
        <PlayerAnimationData Name="gPlayerAnimData_1AAF20" FrameCount="16" Offset="0x1AAF20"/>
        <PlayerAnimationData Name="gPlayerAnimData_1AB780" FrameCount="31" Offset="0x1AB780"/>
        <PlayerAnimationData Name="gPlayerAnimData_1AC7C0" FrameCount="31" Offset="0x1AC7C0"/>
        <PlayerAnimationData Name="gPlayerAnimData_1AD800" FrameCount="16" Offset="0x1AD800"/>
        <PlayerAnimationData Name="gPlayerAnimData_1AE060" FrameCount="19" Offset="0x1AE060"/>
        <PlayerAnimationData Name="gPlayerAnimData_1AEA60" FrameCount="16" Offset="0x1AEA60"/>
        <PlayerAnimationData Name="gPlayerAnimData_1AF2C0" FrameCount="10" Offset="0x1AF2C0"/>
        <PlayerAnimationData Name="gPlayerAnimData_1AF800" FrameCount="11" Offset="0x1AF800"/>
        <PlayerAnimationData Name="gPlayerAnimData_1AFDD0" FrameCount="31" Offset="0x1AFDD0"/>
        <PlayerAnimationData Name="gPlayerAnimData_1B0E10" FrameCount="21" Offset="0x1B0E10"/>
        <PlayerAnimationData Name="gPlayerAnimData_1B1910" FrameCount="15" Offset="0x1B1910"/>
        <PlayerAnimationData Name="gPlayerAnimData_1B20F0" FrameCount="9" Offset="0x1B20F0"/>
        <PlayerAnimationData Name="gPlayerAnimData_1B25B0" FrameCount="11" Offset="0x1B25B0"/>
        <PlayerAnimationData Name="gPlayerAnimData_1B2B80" FrameCount="20" Offset="0x1B2B80"/>
        <PlayerAnimationData Name="gPlayerAnimData_1B3600" FrameCount="20" Offset="0x1B3600"/>
        <PlayerAnimationData Name="gPlayerAnimData_1B4080" FrameCount="20" Offset="0x1B4080"/>
        <PlayerAnimationData Name="gPlayerAnimData_1B4B00" FrameCount="13" Offset="0x1B4B00"/>
        <PlayerAnimationData Name="gPlayerAnimData_1B51D0" FrameCount="19" Offset="0x1B51D0"/>
        <PlayerAnimationData Name="gPlayerAnimData_1B5BD0" FrameCount="31" Offset="0x1B5BD0"/>
        <PlayerAnimationData Name="gPlayerAnimData_1B6C10" FrameCount="13" Offset="0x1B6C10"/>
        <PlayerAnimationData Name="gPlayerAnimData_1B72E0" FrameCount="16" Offset="0x1B72E0"/>
        <PlayerAnimationData Name="gPlayerAnimData_1B7B40" FrameCount="16" Offset="0x1B7B40"/>
        <PlayerAnimationData Name="gPlayerAnimData_1B83A0" FrameCount="29" Offset="0x1B83A0"/>
        <PlayerAnimationData Name="gPlayerAnimData_1B92D0" FrameCount="16" Offset="0x1B92D0"/>
        <PlayerAnimationData Name="gPlayerAnimData_1B9B30" FrameCount="16" Offset="0x1B9B30"/>
        <PlayerAnimationData Name="gPlayerAnimData_1BA390" FrameCount="29" Offset="0x1BA390"/>
        <PlayerAnimationData Name="gPlayerAnimData_1BB2C0" FrameCount="38" Offset="0x1BB2C0"/>
        <PlayerAnimationData Name="gPlayerAnimData_1BC6B0" FrameCount="7" Offset="0x1BC6B0"/>
        <PlayerAnimationData Name="gPlayerAnimData_1BCA60" FrameCount="34" Offset="0x1BCA60"/>
        <PlayerAnimationData Name="gPlayerAnimData_1BDC30" FrameCount="15" Offset="0x1BDC30"/>
        <PlayerAnimationData Name="gPlayerAnimData_1BE410" FrameCount="36" Offset="0x1BE410"/>
        <PlayerAnimationData Name="gPlayerAnimData_1BF6F0" FrameCount="21" Offset="0x1BF6F0"/>
        <PlayerAnimationData Name="gPlayerAnimData_1C01F0" FrameCount="21" Offset="0x1C01F0"/>
        <PlayerAnimationData Name="gPlayerAnimData_1C0CF0" FrameCount="10" Offset="0x1C0CF0"/>
        <PlayerAnimationData Name="gPlayerAnimData_1C1230" FrameCount="19" Offset="0x1C1230"/>
        <PlayerAnimationData Name="gPlayerAnimData_1C1C30" FrameCount="19" Offset="0x1C1C30"/>
        <PlayerAnimationData Name="gPlayerAnimData_1C2630" FrameCount="19" Offset="0x1C2630"/>
        <PlayerAnimationData Name="gPlayerAnimData_1C3030" FrameCount="89" Offset="0x1C3030"/>
        <PlayerAnimationData Name="gPlayerAnimData_1C5ED0" FrameCount="6" Offset="0x1C5ED0"/>
        <PlayerAnimationData Name="gPlayerAnimData_1C6200" FrameCount="6" Offset="0x1C6200"/>
        <PlayerAnimationData Name="gPlayerAnimData_1C6530" FrameCount="184" Offset="0x1C6530"/>
        <PlayerAnimationData Name="gPlayerAnimData_1CC580" FrameCount="187" Offset="0x1CC580"/>
        <PlayerAnimationData Name="gPlayerAnimData_1D2770" FrameCount="200" Offset="0x1D2770"/>
        <PlayerAnimationData Name="gPlayerAnimData_1D9020" FrameCount="13" Offset="0x1D9020"/>
        <PlayerAnimationData Name="gPlayerAnimData_1D96F0" FrameCount="29" Offset="0x1D96F0"/>
        <PlayerAnimationData Name="gPlayerAnimData_1DA620" FrameCount="13" Offset="0x1DA620"/>
        <PlayerAnimationData Name="gPlayerAnimData_1DACF0" FrameCount="29" Offset="0x1DACF0"/>
        <PlayerAnimationData Name="gPlayerAnimData_1DBC20" FrameCount="89" Offset="0x1DBC20"/>
        <PlayerAnimationData Name="gPlayerAnimData_1DEAC0" FrameCount="184" Offset="0x1DEAC0"/>
        <PlayerAnimationData Name="gPlayerAnimData_1E4B10" FrameCount="187" Offset="0x1E4B10"/>
        <PlayerAnimationData Name="gPlayerAnimData_1EAD00" FrameCount="200" Offset="0x1EAD00"/>
        <PlayerAnimationData Name="gPlayerAnimData_1F15B0" FrameCount="112" Offset="0x1F15B0"/>
        <PlayerAnimationData Name="gPlayerAnimData_1F5050" FrameCount="29" Offset="0x1F5050"/>
        <PlayerAnimationData Name="gPlayerAnimData_1F5F80" FrameCount="11" Offset="0x1F5F80"/>
        <PlayerAnimationData Name="gPlayerAnimData_1F6550" FrameCount="11" Offset="0x1F6550"/>
        <PlayerAnimationData Name="gPlayerAnimData_1F6B20" FrameCount="11" Offset="0x1F6B20"/>
        <PlayerAnimationData Name="gPlayerAnimData_1F70F0" FrameCount="11" Offset="0x1F70F0"/>
        <PlayerAnimationData Name="gPlayerAnimData_1F76C0" FrameCount="29" Offset="0x1F76C0"/>
        <PlayerAnimationData Name="gPlayerAnimData_1F85F0" FrameCount="45" Offset="0x1F85F0"/>
        <PlayerAnimationData Name="gPlayerAnimData_1F9D80" FrameCount="80" Offset="0x1F9D80"/>
        <PlayerAnimationData Name="gPlayerAnimData_1FC760" FrameCount="13" Offset="0x1FC760"/>
        <PlayerAnimationData Name="gPlayerAnimData_1FCE30" FrameCount="80" Offset="0x1FCE30"/>
        <PlayerAnimationData Name="gPlayerAnimData_1FF810" FrameCount="31" Offset="0x1FF810"/>
        <PlayerAnimationData Name="gPlayerAnimData_200850" FrameCount="71" Offset="0x200850"/>
        <PlayerAnimationData Name="gPlayerAnimData_202D80" FrameCount="34" Offset="0x202D80"/>
        <PlayerAnimationData Name="gPlayerAnimData_203F50" FrameCount="34" Offset="0x203F50"/>
        <PlayerAnimationData Name="gPlayerAnimData_205120" FrameCount="39" Offset="0x205120"/>
        <PlayerAnimationData Name="gPlayerAnimData_206590" FrameCount="27" Offset="0x206590"/>
        <PlayerAnimationData Name="gPlayerAnimData_2073C0" FrameCount="29" Offset="0x2073C0"/>
        <PlayerAnimationData Name="gPlayerAnimData_2082F0" FrameCount="66" Offset="0x2082F0"/>
        <PlayerAnimationData Name="gPlayerAnimData_20A580" FrameCount="20" Offset="0x20A580"/>
        <PlayerAnimationData Name="gPlayerAnimData_20B000" FrameCount="32" Offset="0x20B000"/>
        <PlayerAnimationData Name="gPlayerAnimData_20C0C0" FrameCount="50" Offset="0x20C0C0"/>
        <PlayerAnimationData Name="gPlayerAnimData_20DAF0" FrameCount="178" Offset="0x20DAF0"/>
        <PlayerAnimationData Name="gPlayerAnimData_213820" FrameCount="12" Offset="0x213820"/>
        <PlayerAnimationData Name="gPlayerAnimData_213E70" FrameCount="10" Offset="0x213E70"/>
        <PlayerAnimationData Name="gPlayerAnimData_2143B0" FrameCount="46" Offset="0x2143B0"/>
        <PlayerAnimationData Name="gPlayerAnimData_215BD0" FrameCount="10" Offset="0x215BD0"/>
        <PlayerAnimationData Name="gPlayerAnimData_216110" FrameCount="24" Offset="0x216110"/>
        <PlayerAnimationData Name="gPlayerAnimData_216DA0" FrameCount="24" Offset="0x216DA0"/>
        <PlayerAnimationData Name="gPlayerAnimData_217A30" FrameCount="23" Offset="0x217A30"/>
        <PlayerAnimationData Name="gPlayerAnimData_218640" FrameCount="30" Offset="0x218640"/>
        <PlayerAnimationData Name="gPlayerAnimData_219600" FrameCount="29" Offset="0x219600"/>
        <PlayerAnimationData Name="gPlayerAnimData_21A530" FrameCount="29" Offset="0x21A530"/>
        <PlayerAnimationData Name="gPlayerAnimData_21B460" FrameCount="33" Offset="0x21B460"/>
        <PlayerAnimationData Name="gPlayerAnimData_21C5B0" FrameCount="65" Offset="0x21C5B0"/>
        <PlayerAnimationData Name="gPlayerAnimData_21E7C0" FrameCount="35" Offset="0x21E7C0"/>
        <PlayerAnimationData Name="gPlayerAnimData_21FA20" FrameCount="35" Offset="0x21FA20"/>
        <PlayerAnimationData Name="gPlayerAnimData_220C80" FrameCount="35" Offset="0x220C80"/>
        <PlayerAnimationData Name="gPlayerAnimData_221EE0" FrameCount="65" Offset="0x221EE0"/>
        <PlayerAnimationData Name="gPlayerAnimData_2240F0" FrameCount="70" Offset="0x2240F0"/>
        <PlayerAnimationData Name="gPlayerAnimData_2265A0" FrameCount="48" Offset="0x2265A0"/>
        <PlayerAnimationData Name="gPlayerAnimData_227EC0" FrameCount="74" Offset="0x227EC0"/>
        <PlayerAnimationData Name="gPlayerAnimData_22A580" FrameCount="75" Offset="0x22A580"/>
        <PlayerAnimationData Name="gPlayerAnimData_22CCD0" FrameCount="208" Offset="0x22CCD0"/>
        <PlayerAnimationData Name="gPlayerAnimData_2339B0" FrameCount="195" Offset="0x2339B0"/>
        <PlayerAnimationData Name="gPlayerAnimData_239FD0" FrameCount="30" Offset="0x239FD0"/>
        <PlayerAnimationData Name="gPlayerAnimData_23AF90" FrameCount="36" Offset="0x23AF90"/>
        <PlayerAnimationData Name="gPlayerAnimData_23C270" FrameCount="24" Offset="0x23C270"/>
        <PlayerAnimationData Name="gPlayerAnimData_23CF00" FrameCount="90" Offset="0x23CF00"/>
        <PlayerAnimationData Name="gPlayerAnimData_23FE20" FrameCount="100" Offset="0x23FE20"/>
        <PlayerAnimationData Name="gPlayerAnimData_243280" FrameCount="138" Offset="0x243280"/>
        <PlayerAnimationData Name="gPlayerAnimData_247AC0" FrameCount="35" Offset="0x247AC0"/>
        <PlayerAnimationData Name="gPlayerAnimData_248D20" FrameCount="25" Offset="0x248D20"/>
        <PlayerAnimationData Name="gPlayerAnimData_249A40" FrameCount="90" Offset="0x249A40"/>
        <PlayerAnimationData Name="gPlayerAnimData_24C960" FrameCount="100" Offset="0x24C960"/>
        <PlayerAnimationData Name="gPlayerAnimData_24FDC0" FrameCount="93" Offset="0x24FDC0"/>
        <PlayerAnimationData Name="gPlayerAnimData_252E70" FrameCount="70" Offset="0x252E70"/>
        <PlayerAnimationData Name="gPlayerAnimData_255320" FrameCount="108" Offset="0x255320"/>
        <PlayerAnimationData Name="gPlayerAnimData_258BB0" FrameCount="138" Offset="0x258BB0"/>
        <PlayerAnimationData Name="gPlayerAnimData_25D3F0" FrameCount="45" Offset="0x25D3F0"/>
        <PlayerAnimationData Name="gPlayerAnimData_25EB80" FrameCount="20" Offset="0x25EB80"/>
        <PlayerAnimationData Name="gPlayerAnimData_25F600" FrameCount="20" Offset="0x25F600"/>
        <PlayerAnimationData Name="gPlayerAnimData_260080" FrameCount="50" Offset="0x260080"/>
        <PlayerAnimationData Name="gPlayerAnimData_261AB0" FrameCount="30" Offset="0x261AB0"/>
        <PlayerAnimationData Name="gPlayerAnimData_262A70" FrameCount="50" Offset="0x262A70"/>
        <PlayerAnimationData Name="gPlayerAnimData_2644A0" FrameCount="45" Offset="0x2644A0"/>
    </File>
</Root>
