<Root>
    <File Name="link_animetion" Segment="7">
        <PlayerAnimationData Name="gPlayerAnim_al_fuwafuwa_modori_Data" FrameCount="54" Offset="0x0"/>
        <PlayerAnimationData Name="gPlayerAnim_link_normal_back_shitR_Data" FrameCount="8" Offset="0x1C50"/>
        <PlayerAnimationData Name="gPlayerAnim_kf_tetunagu_loop_Data" FrameCount="40" Offset="0x2080"/>
        <PlayerAnimationData Name="gPlayerAnim_link_uma_left_down_Data" FrameCount="65" Offset="0x3570"/>
        <PlayerAnimationData Name="gPlayerAnim_cl_nigeru_Data" FrameCount="8" Offset="0x5780"/>
        <PlayerAnimationData Name="gPlayerAnim_dl_kokeru_Data" FrameCount="14" Offset="0x5BB0"/>
        <PlayerAnimationData Name="gPlayerAnim_link_demo_nozokikomi_Data" FrameCount="70" Offset="0x6310"/>
        <PlayerAnimationData Name="gPlayerAnim_link_normal_free2free_Data" FrameCount="20" Offset="0x87C0"/>
        <PlayerAnimationData Name="gPlayerAnim_kf_miseau_Data" FrameCount="40" Offset="0x9240"/>
        <PlayerAnimationData Name="gPlayerAnim_link_fighter_rebound_Data" FrameCount="11" Offset="0xA730"/>
        <PlayerAnimationData Name="gPlayerAnim_pz_cutterwaitB_Data" FrameCount="9" Offset="0xAD00"/>
        <PlayerAnimationData Name="gPlayerAnim_pz_cutterwaitC_Data" FrameCount="9" Offset="0xB1C0"/>
        <PlayerAnimationData Name="gPlayerAnim_pz_cutterwaitA_Data" FrameCount="9" Offset="0xB680"/>
        <PlayerAnimationData Name="gPlayerAnim_link_demo_nozokikomi_wait_Data" FrameCount="35" Offset="0xBB40"/>
        <PlayerAnimationData Name="gPlayerAnim_alink_somukeru_loop_Data" FrameCount="40" Offset="0xCDA0"/>
        <PlayerAnimationData Name="gPlayerAnim_link_normal_pull_start_Data" FrameCount="16" Offset="0xE290"/>
        <PlayerAnimationData Name="gPlayerAnim_link_normal_push_wait_end_Data" FrameCount="11" Offset="0xEAF0"/>
        <PlayerAnimationData Name="gPlayerAnim_alink_kaitenmiss_Data" FrameCount="28" Offset="0xF0C0"/>
        <PlayerAnimationData Name="gPlayerAnim_link_normal_free2fighter_free_Data" FrameCount="20" Offset="0xFF70"/>
        <PlayerAnimationData Name="gPlayerAnim_clink_demo_futtobi_Data" FrameCount="40" Offset="0x109F0"/>
        <PlayerAnimationData Name="gPlayerAnim_link_anchor_Lpierce_kiru_finsh_endR_Data" FrameCount="13" Offset="0x11EE0"/>
        <PlayerAnimationData Name="gPlayerAnim_pn_tamahakidf_Data" FrameCount="2" Offset="0x125B0"/>
        <PlayerAnimationData Name="gPlayerAnim_link_bottle_fish_in_Data" FrameCount="44" Offset="0x126C0"/>
        <PlayerAnimationData Name="gPlayerAnim_link_swimer_swim_get_Data" FrameCount="12" Offset="0x13DD0"/>
        <PlayerAnimationData Name="gPlayerAnim_link_anchor_defense_long_hitR_Data" FrameCount="7" Offset="0x14420"/>
        <PlayerAnimationData Name="gPlayerAnim_link_anchor_defense_long_hitL_Data" FrameCount="8" Offset="0x147D0"/>
        <PlayerAnimationData Name="gPlayerAnim_link_bow_defense_wait_Data" FrameCount="31" Offset="0x14C00"/>
        <PlayerAnimationData Name="gPlayerAnim_link_anchor_rolling_kiru_endR_Data" FrameCount="14" Offset="0x15C40"/>
        <PlayerAnimationData Name="gPlayerAnim_link_demo_kaoage_Data" FrameCount="15" Offset="0x163A0"/>
        <PlayerAnimationData Name="gPlayerAnim_demo_link_twait_Data" FrameCount="45" Offset="0x16B80"/>
        <PlayerAnimationData Name="gPlayerAnim_demo_link_nwait_Data" FrameCount="45" Offset="0x18310"/>
        <PlayerAnimationData Name="gPlayerAnim_link_anchor_normal_kiru_finsh_endR_Data" FrameCount="19" Offset="0x19AA0"/>
        <PlayerAnimationData Name="gPlayerAnim_link_waitF_itemA_20f_Data" FrameCount="90" Offset="0x1A4A0"/>
        <PlayerAnimationData Name="gPlayerAnim_link_waitF_itemB_20f_Data" FrameCount="100" Offset="0x1D3C0"/>
        <PlayerAnimationData Name="gPlayerAnim_cl_umanoru_Data" FrameCount="74" Offset="0x20820"/>
        <PlayerAnimationData Name="gPlayerAnim_link_uma_right_up_Data" FrameCount="74" Offset="0x22EE0"/>
        <PlayerAnimationData Name="gPlayerAnim_link_bottle_bug_out_Data" FrameCount="131" Offset="0x255A0"/>
        <PlayerAnimationData Name="gPlayerAnim_link_normal_defense_end_Data" FrameCount="5" Offset="0x29A40"/>
        <PlayerAnimationData Name="gPlayerAnim_link_fighter_LRside_kiru_end_Data" FrameCount="11" Offset="0x29CE0"/>
        <PlayerAnimationData Name="gPlayerAnim_link_fighter_LLside_kiru_end_Data" FrameCount="13" Offset="0x2A2B0"/>
        <PlayerAnimationData Name="gPlayerAnim_alink_ee_Data" FrameCount="30" Offset="0x2A980"/>
        <PlayerAnimationData Name="gPlayerAnim_link_normal_pull_start_free_Data" FrameCount="16" Offset="0x2B940"/>
        <PlayerAnimationData Name="gPlayerAnim_cl_maskoff_Data" FrameCount="10" Offset="0x2C1A0"/>
        <PlayerAnimationData Name="gPlayerAnim_L_mukinaoru_Data" FrameCount="10" Offset="0x2C6E0"/>
        <PlayerAnimationData Name="gPlayerAnim_link_fighter_Lpierce_kiru_end_Data" FrameCount="10" Offset="0x2CC20"/>
        <PlayerAnimationData Name="gPlayerAnim_cl_tobikakaru_Data" FrameCount="52" Offset="0x2D160"/>
        <PlayerAnimationData Name="gPlayerAnim_cl_ononoki_Data" FrameCount="60" Offset="0x2ECA0"/>
        <PlayerAnimationData Name="gPlayerAnim_spotlight_Data" FrameCount="50" Offset="0x30C10"/>
        <PlayerAnimationData Name="gPlayerAnim_link_demo_kakeyori_miokuri_wait_Data" FrameCount="20" Offset="0x32640"/>
        <PlayerAnimationData Name="gPlayerAnim_pz_fishswim_Data" FrameCount="10" Offset="0x330C0"/>
        <PlayerAnimationData Name="gPlayerAnimData_033600" FrameCount="52" Offset="0x33600"/>
        <PlayerAnimationData Name="gPlayerAnim_clink_demo_miokuri_wait_Data" FrameCount="30" Offset="0x35140"/>
        <PlayerAnimationData Name="gPlayerAnim_link_normal_hip_down_Data" FrameCount="28" Offset="0x36100"/>
        <PlayerAnimationData Name="gPlayerAnim_link_normal_climb_endAL_Data" FrameCount="27" Offset="0x36FB0"/>
        <PlayerAnimationData Name="gPlayerAnim_link_normal_climb_endAR_Data" FrameCount="28" Offset="0x37DE0"/>
        <PlayerAnimationData Name="gPlayerAnim_link_normal_front_shit_Data" FrameCount="8" Offset="0x38C90"/>
        <PlayerAnimationData Name="gPlayerAnim_clink_normal_climb_endAL_Data" FrameCount="35" Offset="0x390C0"/>
        <PlayerAnimationData Name="gPlayerAnim_clink_normal_climb_endAR_Data" FrameCount="36" Offset="0x3A320"/>
        <PlayerAnimationData Name="gPlayerAnim_clink_normal_climb_endBL_Data" FrameCount="35" Offset="0x3B600"/>
        <PlayerAnimationData Name="gPlayerAnim_clink_normal_climb_endBR_Data" FrameCount="36" Offset="0x3C860"/>
        <PlayerAnimationData Name="gPlayerAnim_link_normal_climb_endBL_Data" FrameCount="56" Offset="0x3DB40"/>
        <PlayerAnimationData Name="gPlayerAnim_link_normal_climb_endBR_Data" FrameCount="56" Offset="0x3F890"/>
        <PlayerAnimationData Name="gPlayerAnim_link_anchor_Lside_kiru_endR_Data" FrameCount="8" Offset="0x415E0"/>
        <PlayerAnimationData Name="gPlayerAnim_link_anchor_Rside_kiru_endR_Data" FrameCount="18" Offset="0x41A10"/>
        <PlayerAnimationData Name="gPlayerAnim_link_fighter_walk_endR_long_Data" FrameCount="11" Offset="0x428C0"/>
        <PlayerAnimationData Name="gPlayerAnim_link_fighter_walk_endL_long_Data" FrameCount="11" Offset="0x42E90"/>
        <PlayerAnimationData Name="gPlayerAnim_link_shagamu_demo_Data" FrameCount="13" Offset="0x43460"/>
        <PlayerAnimationData Name="gPlayerAnimData_0435F0" FrameCount="40" Offset="0x43B30"/>
        <PlayerAnimationData Name="gPlayerAnimData_044AE0" FrameCount="33" Offset="0x45020"/>
        <PlayerAnimationData Name="gPlayerAnim_link_fighter_Lpierce_kiru_finsh_Data" FrameCount="9" Offset="0x46170"/>
        <PlayerAnimationData Name="gPlayerAnim_link_fighter_turn_kiruR_Data" FrameCount="6" Offset="0x46630"/>
        <PlayerAnimationData Name="gPlayerAnim_link_fighter_turn_kiruL_Data" FrameCount="5" Offset="0x46960"/>
        <PlayerAnimationData Name="gPlayerAnim_link_normal_take_out_Data" FrameCount="38" Offset="0x46C00"/>
        <PlayerAnimationData Name="gPlayerAnim_clink_op3_tatiagari_Data" FrameCount="110" Offset="0x47FF0"/>
        <PlayerAnimationData Name="gPlayerAnim_link_normal_run_Data" FrameCount="20" Offset="0x4B990"/>
        <PlayerAnimationData Name="gPlayerAnim_link_normal_wait2waitR_Data" FrameCount="6" Offset="0x4C410"/>
        <PlayerAnimationData Name="gPlayerAnim_link_fighter_Rside_kiru_end_Data" FrameCount="12" Offset="0x4C740"/>
        <PlayerAnimationData Name="gPlayerAnim_link_fighter_Lside_kiru_end_Data" FrameCount="9" Offset="0x4CD90"/>
        <PlayerAnimationData Name="gPlayerAnimData_04CD10" FrameCount="30" Offset="0x4D250"/>
        <PlayerAnimationData Name="gPlayerAnim_pz_gakkistart_Data" FrameCount="15" Offset="0x4E210"/>
        <PlayerAnimationData Name="gPlayerAnim_nw_modoru_Data" FrameCount="20" Offset="0x4E9F0"/>
        <PlayerAnimationData Name="gPlayerAnim_link_normal_short_landing_Data" FrameCount="16" Offset="0x4F470"/>
        <PlayerAnimationData Name="gPlayerAnim_link_normal_back_shit_Data" FrameCount="8" Offset="0x4FCD0"/>
        <PlayerAnimationData Name="gPlayerAnim_pz_swimtowait_Data" FrameCount="10" Offset="0x50100"/>
        <PlayerAnimationData Name="gPlayerAnim_link_uma_anim_fastrun_muti_Data" FrameCount="24" Offset="0x50640"/>
        <PlayerAnimationData Name="gPlayerAnim_link_anchor_landingR_Data" FrameCount="21" Offset="0x512D0"/>
        <PlayerAnimationData Name="gPlayerAnim_link_fighter_Rside_kiru_Data" FrameCount="5" Offset="0x51DD0"/>
        <PlayerAnimationData Name="gPlayerAnim_link_fighter_Lside_kiru_Data" FrameCount="5" Offset="0x52070"/>
        <PlayerAnimationData Name="gPlayerAnim_pn_drinkend_Data" FrameCount="20" Offset="0x52310"/>
        <PlayerAnimationData Name="gPlayerAnim_link_uma_stop_muti_Data" FrameCount="75" Offset="0x52D90"/>
        <PlayerAnimationData Name="gPlayerAnim_link_fighter_wait_long_Data" FrameCount="89" Offset="0x554E0"/>
        <PlayerAnimationData Name="gPlayerAnim_link_demo_look_hand_Data" FrameCount="35" Offset="0x58380"/>
        <PlayerAnimationData Name="gPlayerAnim_link_normal_defense_Data" FrameCount="2" Offset="0x595E0"/>
        <PlayerAnimationData Name="gPlayerAnim_link_fighter_power_kiru_walk_Data" FrameCount="21" Offset="0x596F0"/>
        <PlayerAnimationData Name="gPlayerAnim_link_okarina_warp_goal_Data" FrameCount="45" Offset="0x5A1F0"/>
        <PlayerAnimationData Name="gPlayerAnim_clink_demo_nozoki_Data" FrameCount="30" Offset="0x5B980"/>
        <PlayerAnimationData Name="gPlayerAnim_link_fighter_power_kiru_wait_Data" FrameCount="34" Offset="0x5C940"/>
        <PlayerAnimationData Name="gPlayerAnim_link_bottle_bug_in_Data" FrameCount="44" Offset="0x5DB10"/>
        <PlayerAnimationData Name="gPlayerAnim_pz_doorB_open_Data" FrameCount="100" Offset="0x5F220"/>
        <PlayerAnimationData Name="gPlayerAnim_pz_doorA_open_Data" FrameCount="100" Offset="0x62680"/>
        <PlayerAnimationData Name="gPlayerAnim_link_demo_kousan_Data" FrameCount="28" Offset="0x65AE0"/>
        <PlayerAnimationData Name="gPlayerAnim_link_wait_typeD_20f_Data" FrameCount="138" Offset="0x66990"/>
        <PlayerAnimationData Name="gPlayerAnim_link_demo_kakeyori_wait_Data" FrameCount="20" Offset="0x6B1D0"/>
        <PlayerAnimationData Name="gPlayerAnim_al_fuwafuwa_Data" FrameCount="45" Offset="0x6BC50"/>
        <PlayerAnimationData Name="gPlayerAnim_cl_furafura_Data" FrameCount="136" Offset="0x6D3E0"/>
        <PlayerAnimationData Name="gPlayerAnim_link_fighter_walk_long_Data" FrameCount="29" Offset="0x71B10"/>
        <PlayerAnimationData Name="gPlayerAnim_demo_link_orosuu_Data" FrameCount="90" Offset="0x72A40"/>
        <PlayerAnimationData Name="gPlayerAnim_pn_getA_Data" FrameCount="22" Offset="0x75960"/>
        <PlayerAnimationData Name="gPlayerAnim_pn_getB_Data" FrameCount="22" Offset="0x764F0"/>
        <PlayerAnimationData Name="gPlayerAnim_pn_gurd_Data" FrameCount="4" Offset="0x77080"/>
        <PlayerAnimationData Name="gPlayerAnim_link_hammer_normal2long_Data" FrameCount="20" Offset="0x772A0"/>
        <PlayerAnimationData Name="gPlayerAnim_cl_dakisime_loop_Data" FrameCount="40" Offset="0x77D20"/>
        <PlayerAnimationData Name="gPlayerAnim_link_fighter_power_kiru_wait_end_Data" FrameCount="15" Offset="0x79210"/>
        <PlayerAnimationData Name="gPlayerAnim_link_fighter_normal_kiru_end_Data" FrameCount="8" Offset="0x799F0"/>
        <PlayerAnimationData Name="gPlayerAnim_link_fighter_Lrolling_kiru_end_Data" FrameCount="12" Offset="0x79E20"/>
        <PlayerAnimationData Name="gPlayerAnim_link_normal_nocarry_free_Data" FrameCount="9" Offset="0x7A470"/>
        <PlayerAnimationData Name="gPlayerAnim_link_fighter_normal_kiru_endR_Data" FrameCount="9" Offset="0x7A930"/>
        <PlayerAnimationData Name="gPlayerAnimData_07A8B0" FrameCount="15" Offset="0x7ADF0"/>
        <PlayerAnimationData Name="gPlayerAnim_link_demo_sita_wait_Data" FrameCount="30" Offset="0x7B5D0"/>
        <PlayerAnimationData Name="gPlayerAnim_link_normal_down_slope_slip_end_free_Data" FrameCount="19" Offset="0x7C590"/>
        <PlayerAnimationData Name="gPlayerAnimData_07CA50" FrameCount="20" Offset="0x7CF90"/>
        <PlayerAnimationData Name="gPlayerAnim_link_normal_wait_Data" FrameCount="89" Offset="0x7DA10"/>
        <PlayerAnimationData Name="gPlayerAnim_link_normal_fall_Data" FrameCount="37" Offset="0x808B0"/>
        <PlayerAnimationData Name="gPlayerAnim_link_normal_walk_Data" FrameCount="29" Offset="0x81C10"/>
        <PlayerAnimationData Name="gPlayerAnim_link_normal_normal2bom_Data" FrameCount="20" Offset="0x82B40"/>
        <PlayerAnimationData Name="gPlayerAnim_link_fighter_Lpower_kiru_start_Data" FrameCount="16" Offset="0x835C0"/>
        <PlayerAnimationData Name="gPlayerAnim_link_normal_okarina_start_Data" FrameCount="12" Offset="0x83E20"/>
        <PlayerAnimationData Name="gPlayerAnim_pg_punchBend_Data" FrameCount="10" Offset="0x84470"/>
        <PlayerAnimationData Name="gPlayerAnim_pg_punchCend_Data" FrameCount="10" Offset="0x849B0"/>
        <PlayerAnimationData Name="gPlayerAnim_pg_punchAend_Data" FrameCount="13" Offset="0x84EF0"/>
        <PlayerAnimationData Name="gPlayerAnim_link_anchor_front_hitR_Data" FrameCount="16" Offset="0x855C0"/>
        <PlayerAnimationData Name="gPlayerAnim_link_normal_front_down_wake_Data" FrameCount="39" Offset="0x85E20"/>
        <PlayerAnimationData Name="gPlayerAnim_link_normal_throw_free_Data" FrameCount="21" Offset="0x87290"/>
        <PlayerAnimationData Name="gPlayerAnim_link_normal_short_landing_free_Data" FrameCount="16" Offset="0x87D90"/>
        <PlayerAnimationData Name="gPlayerAnim_link_uma_anim_walk_muti_Data" FrameCount="35" Offset="0x885F0"/>
        <PlayerAnimationData Name="gPlayerAnim_pz_jumpATend_Data" FrameCount="13" Offset="0x89850"/>
        <PlayerAnimationData Name="gPlayerAnim_alink_powerup_loop_Data" FrameCount="29" Offset="0x89F20"/>
        <PlayerAnimationData Name="gPlayerAnim_link_normal_fall_up_Data" FrameCount="86" Offset="0x8AE50"/>
        <PlayerAnimationData Name="gPlayerAnim_o_get_mae_Data" FrameCount="50" Offset="0x8DB60"/>
        <PlayerAnimationData Name="gPlayerAnim_om_get_mae_Data" FrameCount="50" Offset="0x8F590"/>
        <PlayerAnimationData Name="gPlayerAnim_urusai_Data" FrameCount="51" Offset="0x90FC0"/>
        <PlayerAnimationData Name="gPlayerAnim_link_uma_anim_stop_Data" FrameCount="65" Offset="0x92A80"/>
        <PlayerAnimationData Name="gPlayerAnim_link_wait_heat2_20f_Data" FrameCount="25" Offset="0x94C90"/>
        <PlayerAnimationData Name="gPlayerAnim_link_wait_heat1_20f_Data" FrameCount="35" Offset="0x959B0"/>
        <PlayerAnimationData Name="gPlayerAnim_cl_tewofuru_Data" FrameCount="22" Offset="0x96C10"/>
        <PlayerAnimationData Name="gPlayerAnim_link_normal_newside_jump_end_20f_Data" FrameCount="16" Offset="0x977A0"/>
        <PlayerAnimationData Name="gPlayerAnim_link_normal_jump_climb_hold_Data" FrameCount="18" Offset="0x98000"/>
        <PlayerAnimationData Name="gPlayerAnim_clink_demo_goto_future_Data" FrameCount="110" Offset="0x98970"/>
        <PlayerAnimationData Name="gPlayerAnim_link_normal_put_Data" FrameCount="21" Offset="0x9C310"/>
        <PlayerAnimationData Name="gPlayerAnim_link_fighter_wait2waitR_long_Data" FrameCount="6" Offset="0x9CE10"/>
        <PlayerAnimationData Name="gPlayerAnim_kf_hanare_Data" FrameCount="35" Offset="0x9D140"/>
        <PlayerAnimationData Name="gPlayerAnim_link_anchor_Lrolling_kiru_endR_Data" FrameCount="12" Offset="0x9E3A0"/>
        <PlayerAnimationData Name="gPlayerAnim_cl_wakare_Data" FrameCount="51" Offset="0x9E9F0"/>
        <PlayerAnimationData Name="gPlayerAnim_L_sagaru_Data" FrameCount="30" Offset="0xA04B0"/>
        <PlayerAnimationData Name="gPlayerAnim_link_anchor_back_hitR_Data" FrameCount="16" Offset="0xA1470"/>
        <PlayerAnimationData Name="gPlayerAnim_link_normal_Fclimb_upR_Data" FrameCount="21" Offset="0xA1CD0"/>
        <PlayerAnimationData Name="gPlayerAnim_link_normal_Fclimb_upL_Data" FrameCount="21" Offset="0xA27D0"/>
        <PlayerAnimationData Name="gPlayerAnim_link_anchor_waitL2defense_long_Data" FrameCount="3" Offset="0xA32D0"/>
        <PlayerAnimationData Name="gPlayerAnim_link_anchor_waitR2defense_long_Data" FrameCount="3" Offset="0xA3470"/>
        <PlayerAnimationData Name="gPlayerAnim_cl_uma_rightup_Data" FrameCount="38" Offset="0xA3610"/>
        <PlayerAnimationData Name="gPlayerAnim_pn_attack_Data" FrameCount="2" Offset="0xA4A00"/>
        <PlayerAnimationData Name="gPlayerAnim_Link_otituku_w_Data" FrameCount="20" Offset="0xA4B10"/>
        <PlayerAnimationData Name="gPlayerAnim_link_demo_kenmiru2_modori_Data" FrameCount="15" Offset="0xA5590"/>
        <PlayerAnimationData Name="gPlayerAnim_link_normal_up_slope_slip_end_long_Data" FrameCount="19" Offset="0xA5D70"/>
        <PlayerAnimationData Name="gPlayerAnim_link_demo_kaoage_wait_Data" FrameCount="20" Offset="0xA6770"/>
        <PlayerAnimationData Name="gPlayerAnim_link_fighter_Rside_kiru_finsh_end_Data" FrameCount="18" Offset="0xA71F0"/>
        <PlayerAnimationData Name="gPlayerAnim_link_fighter_Lside_kiru_finsh_end_Data" FrameCount="15" Offset="0xA7B60"/>
        <PlayerAnimationData Name="gPlayerAnim_link_fighter_power_kiru_side_walk_Data" FrameCount="21" Offset="0xA8340"/>
        <PlayerAnimationData Name="gPlayerAnim_cl_umamiage_loop_Data" FrameCount="44" Offset="0xA8E40"/>
        <PlayerAnimationData Name="gPlayerAnim_link_demo_kakeyori_Data" FrameCount="20" Offset="0xAA550"/>
        <PlayerAnimationData Name="gPlayerAnim_kf_omen_loop_Data" FrameCount="30" Offset="0xAAFD0"/>
        <PlayerAnimationData Name="gPlayerAnim_link_fighter_normal_kiru_finsh_end_Data" FrameCount="19" Offset="0xABF90"/>
        <PlayerAnimationData Name="gPlayerAnim_link_fighter_Lnormal_kiru_Data" FrameCount="5" Offset="0xAC990"/>
        <PlayerAnimationData Name="gPlayerAnim_link_normal_landing_roll_free_Data" FrameCount="32" Offset="0xACC30"/>
        <PlayerAnimationData Name="gPlayerAnim_link_normal_re_dead_attack_wait_Data" FrameCount="11" Offset="0xADCF0"/>
        <PlayerAnimationData Name="gPlayerAnim_link_uma_anim_stand_Data" FrameCount="33" Offset="0xAE2C0"/>
        <PlayerAnimationData Name="gPlayerAnim_link_normal_talk_free_wait_Data" FrameCount="34" Offset="0xAF410"/>
        <PlayerAnimationData Name="gPlayerAnim_link_bottle_fish_miss_Data" FrameCount="21" Offset="0xB05E0"/>
        <PlayerAnimationData Name="gPlayerAnim_link_normal_walk_endR_Data" FrameCount="11" Offset="0xB10E0"/>
        <PlayerAnimationData Name="gPlayerAnim_link_normal_walk_endL_Data" FrameCount="11" Offset="0xB16B0"/>
        <PlayerAnimationData Name="gPlayerAnim_clink_normal_defense_ALL_Data" FrameCount="5" Offset="0xB1C80"/>
        <PlayerAnimationData Name="gPlayerAnimData_0B19E0" FrameCount="30" Offset="0xB1F20"/>
        <PlayerAnimationData Name="gPlayerAnim_link_bow_bow_shoot_next_Data" FrameCount="8" Offset="0xB2EE0"/>
        <PlayerAnimationData Name="gPlayerAnim_link_normal_pushing_Data" FrameCount="31" Offset="0xB3310"/>
        <PlayerAnimationData Name="gPlayerAnim_link_normal_pulling_Data" FrameCount="31" Offset="0xB4350"/>
        <PlayerAnimationData Name="gPlayerAnim_link_normal_defense_wait_Data" FrameCount="20" Offset="0xB5390"/>
        <PlayerAnimationData Name="gPlayerAnim_link_demo_zeldamiru_wait_Data" FrameCount="25" Offset="0xB5E10"/>
        <PlayerAnimationData Name="gPlayerAnim_link_swimer_Rside_swim_Data" FrameCount="34" Offset="0xB6B30"/>
        <PlayerAnimationData Name="gPlayerAnim_link_swimer_Lside_swim_Data" FrameCount="34" Offset="0xB7D00"/>
        <PlayerAnimationData Name="gPlayerAnim_link_bow_bow_wait_Data" FrameCount="66" Offset="0xB8ED0"/>
        <PlayerAnimationData Name="gPlayerAnim_link_anchor_Lnormal_kiru_finsh_endR_Data" FrameCount="11" Offset="0xBB160"/>
        <PlayerAnimationData Name="gPlayerAnimData_0BB1F0" FrameCount="30" Offset="0xBB730"/>
        <PlayerAnimationData Name="gPlayerAnim_link_normal_250jump_start_Data" FrameCount="10" Offset="0xBC6F0"/>
        <PlayerAnimationData Name="gPlayerAnim_link_swimer_swim_Data" FrameCount="29" Offset="0xBCC30"/>
        <PlayerAnimationData Name="gPlayerAnim_link_normal_hip_down_long_Data" FrameCount="28" Offset="0xBDB60"/>
        <PlayerAnimationData Name="gPlayerAnim_link_fighter_side_walkR_long_Data" FrameCount="16" Offset="0xBEA10"/>
        <PlayerAnimationData Name="gPlayerAnim_link_fighter_side_walkL_long_Data" FrameCount="16" Offset="0xBF270"/>
        <PlayerAnimationData Name="gPlayerAnim_link_normal_landing_Data" FrameCount="21" Offset="0xBFAD0"/>
        <PlayerAnimationData Name="gPlayerAnim_L_hajikareru_Data" FrameCount="24" Offset="0xC05D0"/>
        <PlayerAnimationData Name="gPlayerAnim_demo_rakka_Data" FrameCount="3" Offset="0xC1260"/>
        <PlayerAnimationData Name="gPlayerAnim_link_fighter_Lpower_kiru_wait_end_Data" FrameCount="15" Offset="0xC1400"/>
        <PlayerAnimationData Name="gPlayerAnim_link_anchor_pierce_kiru_finsh_endR_Data" FrameCount="32" Offset="0xC1BE0"/>
        <PlayerAnimationData Name="gPlayerAnim_link_fighter_waitL_long_Data" FrameCount="29" Offset="0xC2CA0"/>
        <PlayerAnimationData Name="gPlayerAnim_link_fighter_waitR_long_Data" FrameCount="29" Offset="0xC3BD0"/>
        <PlayerAnimationData Name="gPlayerAnim_link_child_tunnel_end_Data" FrameCount="71" Offset="0xC4B00"/>
        <PlayerAnimationData Name="gPlayerAnim_link_demo_look_hand_wait_Data" FrameCount="20" Offset="0xC7030"/>
        <PlayerAnimationData Name="gPlayerAnim_pz_climb_endAL_Data" FrameCount="27" Offset="0xC7AB0"/>
        <PlayerAnimationData Name="gPlayerAnim_pg_climb_endAL_Data" FrameCount="27" Offset="0xC88E0"/>
        <PlayerAnimationData Name="gPlayerAnim_pz_climb_endAR_Data" FrameCount="27" Offset="0xC9710"/>
        <PlayerAnimationData Name="gPlayerAnim_pg_climb_endAR_Data" FrameCount="27" Offset="0xCA540"/>
        <PlayerAnimationData Name="gPlayerAnim_pz_climb_endBL_Data" FrameCount="56" Offset="0xCB370"/>
        <PlayerAnimationData Name="gPlayerAnim_pg_climb_endBL_Data" FrameCount="56" Offset="0xCD0C0"/>
        <PlayerAnimationData Name="gPlayerAnim_pz_climb_endBR_Data" FrameCount="56" Offset="0xCEE10"/>
        <PlayerAnimationData Name="gPlayerAnim_pg_climb_endBR_Data" FrameCount="56" Offset="0xD0B60"/>
        <PlayerAnimationData Name="gPlayerAnim_link_normal_hang_up_down_Data" FrameCount="11" Offset="0xD28B0"/>
        <PlayerAnimationData Name="gPlayerAnim_link_bottle_drink_demo_end_Data" FrameCount="50" Offset="0xD2E80"/>
        <PlayerAnimationData Name="gPlayerAnim_cl_setmaskend_Data" FrameCount="3" Offset="0xD48B0"/>
        <PlayerAnimationData Name="gPlayerAnim_link_anchor_waitR_Data" FrameCount="29" Offset="0xD4A50"/>
        <PlayerAnimationData Name="gPlayerAnim_link_anchor_waitL_Data" FrameCount="29" Offset="0xD5980"/>
        <PlayerAnimationData Name="gPlayerAnim_link_normal_front_shitR_Data" FrameCount="8" Offset="0xD68B0"/>
        <PlayerAnimationData Name="gPlayerAnim_link_normal_defense_end_free_Data" FrameCount="5" Offset="0xD6CE0"/>
        <PlayerAnimationData Name="gPlayerAnim_link_bottle_drink_demo_start_Data" FrameCount="47" Offset="0xD6F80"/>
        <PlayerAnimationData Name="gPlayerAnim_pz_jumpAT_Data" FrameCount="13" Offset="0xD8820"/>
        <PlayerAnimationData Name="gPlayerAnim_link_fighter_pierce_kiru_Data" FrameCount="4" Offset="0xD8EF0"/>
        <PlayerAnimationData Name="gPlayerAnim_link_hook_shot_ready_Data" FrameCount="9" Offset="0xD9110"/>
        <PlayerAnimationData Name="gPlayerAnim_link_fighter_normal2fighter_Data" FrameCount="20" Offset="0xD95D0"/>
        <PlayerAnimationData Name="gPlayerAnim_dl_jibunmiru_Data" FrameCount="48" Offset="0xDA050"/>
        <PlayerAnimationData Name="gPlayerAnim_link_fighter_waitL2wait_long_Data" FrameCount="13" Offset="0xDB970"/>
        <PlayerAnimationData Name="gPlayerAnim_link_fighter_waitR2wait_long_Data" FrameCount="13" Offset="0xDC040"/>
        <PlayerAnimationData Name="gPlayerAnim_link_normal_run_jump_water_fall_wait_Data" FrameCount="13" Offset="0xDC710"/>
        <PlayerAnimationData Name="gPlayerAnim_rakuba_Data" FrameCount="33" Offset="0xDE8A0"/>
        <PlayerAnimationData Name="gPlayerAnim_link_normal_pulling_free_Data" FrameCount="31" Offset="0xDF9F0"/>
        <PlayerAnimationData Name="gPlayerAnim_link_bow_bow_shoot_end_Data" FrameCount="16" Offset="0xE0A30"/>
        <PlayerAnimationData Name="gPlayerAnim_link_normal_nocarry_free_end_Data" FrameCount="7" Offset="0xE1290"/>
        <PlayerAnimationData Name="gPlayerAnim_al_elf_tobidasi_Data" FrameCount="52" Offset="0xE1640"/>
        <PlayerAnimationData Name="gPlayerAnim_alink_rakkatyu_Data" FrameCount="20" Offset="0xE3180"/>
        <PlayerAnimationData Name="gPlayerAnim_link_normal_defense_free_Data" FrameCount="5" Offset="0xE3C00"/>
        <PlayerAnimationData Name="gPlayerAnimData_0E1EA0" FrameCount="18" Offset="0xE3EA0"/>
        <PlayerAnimationData Name="gPlayerAnim_clink_demo_standup_wait_Data" FrameCount="30" Offset="0xE4810"/>
        <PlayerAnimationData Name="gPlayerAnim_bajyo_furikaeru_Data" FrameCount="60" Offset="0xE57D0"/>
        <PlayerAnimationData Name="gPlayerAnim_alink_kyoro_loop_Data" FrameCount="62" Offset="0xE7740"/>
        <PlayerAnimationData Name="gPlayerAnim_al_hensin_Data" FrameCount="51" Offset="0xE97C0"/>
        <PlayerAnimationData Name="gPlayerAnim_sirimochi_wait_Data" FrameCount="25" Offset="0xEB280"/>
        <PlayerAnimationData Name="gPlayerAnim_link_fighter_LLside_kiru_finsh_Data" FrameCount="9" Offset="0xEBFA0"/>
        <PlayerAnimationData Name="gPlayerAnim_bajyo_walk_Data" FrameCount="35" Offset="0xEC460"/>
        <PlayerAnimationData Name="gPlayerAnim_link_normal_45_turn_free_Data" FrameCount="10" Offset="0xED6C0"/>
        <PlayerAnimationData Name="gPlayerAnimData_0EBC00" FrameCount="20" Offset="0xEDC00"/>
        <PlayerAnimationData Name="gPlayerAnim_lost_horse2_Data" FrameCount="40" Offset="0xEE680"/>
        <PlayerAnimationData Name="gPlayerAnim_link_normal_climb_down_Data" FrameCount="29" Offset="0xEFB70"/>
        <PlayerAnimationData Name="gPlayerAnim_link_normal_electric_shock_Data" FrameCount="26" Offset="0xF0AA0"/>
        <PlayerAnimationData Name="gPlayerAnim_link_normal_fighter2free_Data" FrameCount="20" Offset="0xF1840"/>
        <PlayerAnimationData Name="gPlayerAnim_link_demo_back_to_past_Data" FrameCount="90" Offset="0xF22C0"/>
        <PlayerAnimationData Name="gPlayerAnimData_0F31E0" FrameCount="12" Offset="0xF51E0"/>
        <PlayerAnimationData Name="gPlayerAnim_alink_ozigi_modori_Data" FrameCount="11" Offset="0xF5830"/>
        <PlayerAnimationData Name="gPlayerAnimData_0F3E00" FrameCount="15" Offset="0xF5E00"/>
        <PlayerAnimationData Name="gPlayerAnim_link_fighter_Lpower_jump_kiru_hit_Data" FrameCount="9" Offset="0xF65E0"/>
        <PlayerAnimationData Name="gPlayerAnim_link_fighter_damage_run_long_Data" FrameCount="20" Offset="0xF6AA0"/>
        <PlayerAnimationData Name="gPlayerAnim_link_normal_jump_climb_up_free_Data" FrameCount="38" Offset="0xF7520"/>
        <PlayerAnimationData Name="gPlayerAnim_link_fighter_LRside_kiru_finsh_Data" FrameCount="6" Offset="0xF8910"/>
        <PlayerAnimationData Name="gPlayerAnim_link_fighter_jump_rollkiru_Data" FrameCount="11" Offset="0xF8C40"/>
        <PlayerAnimationData Name="gPlayerAnim_link_uma_anim_walk_Data" FrameCount="35" Offset="0xF9210"/>
        <PlayerAnimationData Name="gPlayerAnim_link_normal_landing_roll_Data" FrameCount="32" Offset="0xFA470"/>
        <PlayerAnimationData Name="gPlayerAnim_link_bottle_drink_demo_wait_Data" FrameCount="9" Offset="0xFB530"/>
        <PlayerAnimationData Name="gPlayerAnim_clink_demo_mimawasi_wait_Data" FrameCount="55" Offset="0xFB9F0"/>
        <PlayerAnimationData Name="gPlayerAnim_pz_wait_Data" FrameCount="59" Offset="0xFD6C0"/>
        <PlayerAnimationData Name="gPlayerAnim_pg_wait_Data" FrameCount="79" Offset="0xFF5B0"/>
        <PlayerAnimationData Name="gPlayerAnimData_0FFF10" FrameCount="24" Offset="0x101F10"/>
        <PlayerAnimationData Name="gPlayerAnim_cl_kubisime_Data" FrameCount="6" Offset="0x102BA0"/>
        <PlayerAnimationData Name="gPlayerAnim_link_normal_back_hit_Data" FrameCount="16" Offset="0x102ED0"/>
        <PlayerAnimationData Name="gPlayerAnim_link_fighter_run_long_Data" FrameCount="20" Offset="0x103730"/>
        <PlayerAnimationData Name="gPlayerAnim_link_fighter_Lpower_jump_kiru_Data" FrameCount="10" Offset="0x1044E0"/>
        <PlayerAnimationData Name="gPlayerAnim_link_swimer_swim_15step_up_Data" FrameCount="66" Offset="0x104A20"/>
        <PlayerAnimationData Name="gPlayerAnim_link_fighter_reboundR_Data" FrameCount="11" Offset="0x106CB0"/>
        <PlayerAnimationData Name="gPlayerAnim_clink_normal_climb_startB_Data" FrameCount="50" Offset="0x107280"/>
        <PlayerAnimationData Name="gPlayerAnim_clink_normal_climb_startA_Data" FrameCount="30" Offset="0x108CB0"/>
        <PlayerAnimationData Name="gPlayerAnim_pz_climb_startA_Data" FrameCount="30" Offset="0x109C70"/>
        <PlayerAnimationData Name="gPlayerAnim_pg_climb_startA_Data" FrameCount="30" Offset="0x10AC30"/>
        <PlayerAnimationData Name="gPlayerAnim_pz_climb_startB_Data" FrameCount="56" Offset="0x10BBF0"/>
        <PlayerAnimationData Name="gPlayerAnim_pg_climb_startB_Data" FrameCount="56" Offset="0x10D940"/>
        <PlayerAnimationData Name="gPlayerAnim_link_normal_check_wait_free_Data" FrameCount="54" Offset="0x10F690"/>
        <PlayerAnimationData Name="gPlayerAnim_pg_gakkiwait_Data" FrameCount="18" Offset="0x1112E0"/>
        <PlayerAnimationData Name="gPlayerAnim_link_fighter_Lnormal_kiru_finsh_end_Data" FrameCount="11" Offset="0x111C50"/>
        <PlayerAnimationData Name="gPlayerAnim_link_normal_box_kick_Data" FrameCount="50" Offset="0x112220"/>
        <PlayerAnimationData Name="gPlayerAnim_link_demo_furimuki_Data" FrameCount="80" Offset="0x113C50"/>
        <PlayerAnimationData Name="gPlayerAnim_link_normal_normal2free_Data" FrameCount="20" Offset="0x116630"/>
        <PlayerAnimationData Name="gPlayerAnim_link_fighter_pierce_kiru_finsh_Data" FrameCount="10" Offset="0x1170B0"/>
        <PlayerAnimationData Name="gPlayerAnim_L_kennasi_w_Data" FrameCount="20" Offset="0x1175F0"/>
        <PlayerAnimationData Name="gPlayerAnim_clink_demo_doorB_link_Data" FrameCount="100" Offset="0x119AA0"/>
        <PlayerAnimationData Name="gPlayerAnim_clink_demo_doorA_link_Data" FrameCount="100" Offset="0x11CF00"/>
        <PlayerAnimationData Name="gPlayerAnim_link_demo_get_itemA_Data" FrameCount="22" Offset="0x120360"/>
        <PlayerAnimationData Name="gPlayerAnim_link_demo_get_itemB_Data" FrameCount="22" Offset="0x120EF0"/>
        <PlayerAnimationData Name="gPlayerAnim_link_bottle_read_end_Data" FrameCount="20" Offset="0x121A80"/>
        <PlayerAnimationData Name="gPlayerAnim_link_fighter_jump_kiru_finsh_end_Data" FrameCount="12" Offset="0x122500"/>
        <PlayerAnimationData Name="gPlayerAnim_link_swimer_swim_down_Data" FrameCount="178" Offset="0x122B50"/>
        <PlayerAnimationData Name="gPlayerAnim_link_normal_check_end_Data" FrameCount="10" Offset="0x128880"/>
        <PlayerAnimationData Name="gPlayerAnim_link_normal_normal2fighter_free_Data" FrameCount="20" Offset="0x128DC0"/>
        <PlayerAnimationData Name="gPlayerAnim_link_normal_jump_Data" FrameCount="9" Offset="0x129840"/>
        <PlayerAnimationData Name="gPlayerAnim_link_hatto_demo_Data" FrameCount="72" Offset="0x129D00"/>
        <PlayerAnimationData Name="gPlayerAnim_link_silver_throw_Data" FrameCount="31" Offset="0x12C2B0"/>
        <PlayerAnimationData Name="gPlayerAnim_link_normal_back_brake_end_Data" FrameCount="12" Offset="0x12D2F0"/>
        <PlayerAnimationData Name="gPlayerAnim_link_silver_carry_Data" FrameCount="80" Offset="0x12D940"/>
        <PlayerAnimationData Name="gPlayerAnim_link_normal_up_slope_slip_end_Data" FrameCount="19" Offset="0x130320"/>
        <PlayerAnimationData Name="gPlayerAnim_alink_ozigi_loop_Data" FrameCount="10" Offset="0x130D20"/>
        <PlayerAnimationData Name="gPlayerAnim_link_normal_climb_startB_Data" FrameCount="56" Offset="0x131260"/>
        <PlayerAnimationData Name="gPlayerAnim_link_normal_climb_startA_Data" FrameCount="30" Offset="0x132FB0"/>
        <PlayerAnimationData Name="gPlayerAnim_link_normal_pull_end_free_Data" FrameCount="16" Offset="0x133F70"/>
        <PlayerAnimationData Name="gPlayerAnim_link_fighter_backturn_jump_endR_Data" FrameCount="12" Offset="0x1347D0"/>
        <PlayerAnimationData Name="gPlayerAnim_link_hook_fly_wait_Data" FrameCount="21" Offset="0x134E20"/>
        <PlayerAnimationData Name="gPlayerAnim_pn_batabata_Data" FrameCount="14" Offset="0x135920"/>
        <PlayerAnimationData Name="gPlayerAnim_sude_nwait_Data" FrameCount="45" Offset="0x136080"/>
        <PlayerAnimationData Name="gPlayerAnim_link_normal_carryB_Data" FrameCount="36" Offset="0x137810"/>
        <PlayerAnimationData Name="gPlayerAnim_link_magic_honoo2_Data" FrameCount="25" Offset="0x138AF0"/>
        <PlayerAnimationData Name="gPlayerAnim_link_magic_honoo3_Data" FrameCount="60" Offset="0x139810"/>
        <PlayerAnimationData Name="gPlayerAnim_link_magic_honoo1_Data" FrameCount="60" Offset="0x13B780"/>
        <PlayerAnimationData Name="gPlayerAnim_link_normal_walk_endL_free_Data" FrameCount="11" Offset="0x13D6F0"/>
        <PlayerAnimationData Name="gPlayerAnim_link_normal_walk_endR_free_Data" FrameCount="11" Offset="0x13DCC0"/>
        <PlayerAnimationData Name="gPlayerAnim_link_hammer_long2long_Data" FrameCount="20" Offset="0x13E290"/>
        <PlayerAnimationData Name="gPlayerAnim_link_normal_Fclimb_startA_Data" FrameCount="30" Offset="0x13ED10"/>
        <PlayerAnimationData Name="gPlayerAnim_link_normal_Fclimb_startB_Data" FrameCount="15" Offset="0x13FCD0"/>
        <PlayerAnimationData Name="gPlayerAnim_L_ken_miru_Data" FrameCount="26" Offset="0x1404B0"/>
        <PlayerAnimationData Name="gPlayerAnim_pn_tamahaki_Data" FrameCount="8" Offset="0x141250"/>
        <PlayerAnimationData Name="gPlayerAnim_om_get_Data" FrameCount="30" Offset="0x141680"/>
        <PlayerAnimationData Name="gPlayerAnim_al_gaku_Data" FrameCount="29" Offset="0x142640"/>
        <PlayerAnimationData Name="gPlayerAnim_link_demo_ue_Data" FrameCount="10" Offset="0x143570"/>
        <PlayerAnimationData Name="gPlayerAnim_link_normal_newroll_jump_end_20f_Data" FrameCount="13" Offset="0x143AB0"/>
        <PlayerAnimationData Name="gPlayerAnim_clink_normal_climb_upL_Data" FrameCount="21" Offset="0x144180"/>
        <PlayerAnimationData Name="gPlayerAnim_link_normal_climb_upL_Data" FrameCount="21" Offset="0x144C80"/>
        <PlayerAnimationData Name="gPlayerAnim_clink_normal_climb_upR_Data" FrameCount="21" Offset="0x145780"/>
        <PlayerAnimationData Name="gPlayerAnim_link_normal_climb_upR_Data" FrameCount="21" Offset="0x146280"/>
        <PlayerAnimationData Name="gPlayerAnim_alink_ee_loop_Data" FrameCount="28" Offset="0x146D80"/>
        <PlayerAnimationData Name="gPlayerAnim_link_bow_walk2ready_Data" FrameCount="9" Offset="0x147F60"/>
        <PlayerAnimationData Name="gPlayerAnim_link_normal_Fclimb_sideL_Data" FrameCount="21" Offset="0x148420"/>
        <PlayerAnimationData Name="gPlayerAnim_link_normal_Fclimb_sideR_Data" FrameCount="21" Offset="0x148F20"/>
        <PlayerAnimationData Name="gPlayerAnim_pn_gakkistart_Data" FrameCount="12" Offset="0x149A20"/>
        <PlayerAnimationData Name="gPlayerAnim_pn_rakkafinish_Data" FrameCount="11" Offset="0x14A070"/>
        <PlayerAnimationData Name="gPlayerAnim_link_normal_light_bom_Data" FrameCount="12" Offset="0x14A640"/>
        <PlayerAnimationData Name="gPlayerAnim_link_normal_hip_down_free_Data" FrameCount="28" Offset="0x14AC90"/>
        <PlayerAnimationData Name="gPlayerAnim_link_demo_kakeyori_miokuri_Data" FrameCount="25" Offset="0x14BB40"/>
        <PlayerAnimationData Name="gPlayerAnim_link_wait_itemD1_20f_Data" FrameCount="70" Offset="0x14C860"/>
        <PlayerAnimationData Name="gPlayerAnim_link_wait_itemD2_20f_Data" FrameCount="108" Offset="0x14ED10"/>
        <PlayerAnimationData Name="gPlayerAnim_link_normal_throw_Data" FrameCount="21" Offset="0x1525A0"/>
        <PlayerAnimationData Name="gPlayerAnim_link_normal_push_start_Data" FrameCount="16" Offset="0x1530A0"/>
        <PlayerAnimationData Name="gPlayerAnim_link_fighter_Rside_jump_end_Data" FrameCount="8" Offset="0x153900"/>
        <PlayerAnimationData Name="gPlayerAnim_link_fighter_Lside_jump_end_Data" FrameCount="8" Offset="0x153D30"/>
        <PlayerAnimationData Name="gPlayerAnim_link_normal_back_brake_Data" FrameCount="12" Offset="0x154160"/>
        <PlayerAnimationData Name="gPlayerAnim_link_normal_down_slope_slip_end_Data" FrameCount="19" Offset="0x1547B0"/>
        <PlayerAnimationData Name="gPlayerAnim_link_derth_rebirth_Data" FrameCount="230" Offset="0x1551B0"/>
        <PlayerAnimationData Name="gPlayerAnim_link_hook_wait_Data" FrameCount="69" Offset="0x15CA20"/>
        <PlayerAnimationData Name="gPlayerAnim_link_demo_warp_Data" FrameCount="70" Offset="0x15EE40"/>
        <PlayerAnimationData Name="gPlayerAnim_pn_drinkstart_Data" FrameCount="29" Offset="0x1612F0"/>
        <PlayerAnimationData Name="gPlayerAnim_link_fighter_Lside_kiru_finsh_Data" FrameCount="9" Offset="0x162220"/>
        <PlayerAnimationData Name="gPlayerAnim_clink_normal_okarina_walkB_Data" FrameCount="21" Offset="0x1626E0"/>
        <PlayerAnimationData Name="gPlayerAnim_link_magic_kaze1_Data" FrameCount="56" Offset="0x1631E0"/>
        <PlayerAnimationData Name="gPlayerAnim_link_magic_kaze3_Data" FrameCount="32" Offset="0x164F30"/>
        <PlayerAnimationData Name="gPlayerAnim_link_magic_kaze2_Data" FrameCount="9" Offset="0x165FF0"/>
        <PlayerAnimationData Name="gPlayerAnim_link_normal_okarina_end_Data" FrameCount="12" Offset="0x1664B0"/>
        <PlayerAnimationData Name="gPlayerAnim_link_normal_walk_free_Data" FrameCount="29" Offset="0x166B00"/>
        <PlayerAnimationData Name="gPlayerAnim_link_normal_talk_free_Data" FrameCount="7" Offset="0x167A30"/>
        <PlayerAnimationData Name="gPlayerAnim_spotlight_wait_Data" FrameCount="25" Offset="0x167DE0"/>
        <PlayerAnimationData Name="gPlayerAnim_link_fighter_Rside_kiru_finsh_Data" FrameCount="7" Offset="0x168B00"/>
        <PlayerAnimationData Name="gPlayerAnim_link_demo_kenmiru1_wait_Data" FrameCount="20" Offset="0x168EB0"/>
        <PlayerAnimationData Name="gPlayerAnim_link_demo_kenmiru2_wait_Data" FrameCount="20" Offset="0x169930"/>
        <PlayerAnimationData Name="gPlayerAnim_link_fighter_LRside_kiru_finsh_end_Data" FrameCount="17" Offset="0x16A3B0"/>
        <PlayerAnimationData Name="gPlayerAnim_link_normal_check_wait_Data" FrameCount="54" Offset="0x16ACA0"/>
        <PlayerAnimationData Name="gPlayerAnim_link_uma_anim_jump200_Data" FrameCount="30" Offset="0x16C8F0"/>
        <PlayerAnimationData Name="gPlayerAnim_pn_doorB_open_Data" FrameCount="100" Offset="0x16D8B0"/>
        <PlayerAnimationData Name="gPlayerAnim_pn_doorA_open_Data" FrameCount="100" Offset="0x170D10"/>
        <PlayerAnimationData Name="gPlayerAnim_link_anchor_LLside_kiru_endL_Data" FrameCount="11" Offset="0x174170"/>
        <PlayerAnimationData Name="gPlayerAnim_link_anchor_LRside_kiru_endR_Data" FrameCount="11" Offset="0x174740"/>
        <PlayerAnimationData Name="gPlayerAnim_link_fighter_Lpower_kiru_side_walk_Data" FrameCount="21" Offset="0x174D10"/>
        <PlayerAnimationData Name="gPlayerAnim_link_fighter_LLside_kiru_finsh_end_Data" FrameCount="16" Offset="0x175810"/>
        <PlayerAnimationData Name="gPlayerAnim_link_fighter_Lpierce_kiru_finsh_end_Data" FrameCount="13" Offset="0x176070"/>
        <PlayerAnimationData Name="gPlayerAnim_clink_normal_okarina_walk_Data" FrameCount="21" Offset="0x176740"/>
        <PlayerAnimationData Name="gPlayerAnim_cl_hoo_Data" FrameCount="20" Offset="0x177240"/>
        <PlayerAnimationData Name="gPlayerAnim_link_normal_landing_wait_Data" FrameCount="20" Offset="0x177CC0"/>
        <PlayerAnimationData Name="gPlayerAnimData_1746B0" FrameCount="15" Offset="0x178740"/>
        <PlayerAnimationData Name="gPlayerAnim_Link_ue_wait_Data" FrameCount="40" Offset="0x178F20"/>
        <PlayerAnimationData Name="gPlayerAnim_cl_jibun_miru_Data" FrameCount="43" Offset="0x17A410"/>
        <PlayerAnimationData Name="gPlayerAnim_pz_waterroll_Data" FrameCount="18" Offset="0x17BAA0"/>
        <PlayerAnimationData Name="gPlayerAnim_link_waitF_heat1_20f_Data" FrameCount="36" Offset="0x17C410"/>
        <PlayerAnimationData Name="gPlayerAnim_link_waitF_heat2_20f_Data" FrameCount="24" Offset="0x17D6F0"/>
        <PlayerAnimationData Name="gPlayerAnim_link_uma_anim_fastrun_Data" FrameCount="24" Offset="0x17E380"/>
        <PlayerAnimationData Name="gPlayerAnim_al_unun_Data" FrameCount="29" Offset="0x17F010"/>
        <PlayerAnimationData Name="gPlayerAnimData_17BEB0" FrameCount="20" Offset="0x17FF40"/>
        <PlayerAnimationData Name="gPlayerAnim_alink_tereru_Data" FrameCount="24" Offset="0x1809C0"/>
        <PlayerAnimationData Name="gPlayerAnim_link_normal_wait_free_Data" FrameCount="89" Offset="0x181650"/>
        <PlayerAnimationData Name="gPlayerAnim_link_uma_anim_slowrun_muti_Data" FrameCount="29" Offset="0x1844F0"/>
        <PlayerAnimationData Name="gPlayerAnim_link_swimer_swim_deep_end_Data" FrameCount="32" Offset="0x185420"/>
        <PlayerAnimationData Name="gPlayerAnim_link_normal_climb_up_Data" FrameCount="29" Offset="0x1864E0"/>
        <PlayerAnimationData Name="gPlayerAnim_link_swimer_swim_wait_Data" FrameCount="46" Offset="0x187410"/>
        <PlayerAnimationData Name="gPlayerAnim_okarinatori_Data" FrameCount="22" Offset="0x188C30"/>
        <PlayerAnimationData Name="gPlayerAnim_link_fighter_damage_run_Data" FrameCount="20" Offset="0x1897C0"/>
        <PlayerAnimationData Name="gPlayerAnim_link_fighter_run_Data" FrameCount="20" Offset="0x18A240"/>
        <PlayerAnimationData Name="gPlayerAnim_link_fighter_backturn_jump_Data" FrameCount="15" Offset="0x18ACC0"/>
        <PlayerAnimationData Name="gPlayerAnim_link_demo_kenmiru2_Data" FrameCount="35" Offset="0x18B4A0"/>
        <PlayerAnimationData Name="gPlayerAnim_link_demo_kenmiru1_Data" FrameCount="10" Offset="0x18C700"/>
        <PlayerAnimationData Name="gPlayerAnim_alink_kyoro_Data" FrameCount="15" Offset="0x18CC40"/>
        <PlayerAnimationData Name="gPlayerAnimData_189390" FrameCount="42" Offset="0x18D420"/>
        <PlayerAnimationData Name="gPlayerAnim_link_normal_up_slope_slip_end_free_Data" FrameCount="19" Offset="0x18EA20"/>
        <PlayerAnimationData Name="gPlayerAnim_d_link_orowait_Data" FrameCount="45" Offset="0x18F420"/>
        <PlayerAnimationData Name="gPlayerAnim_link_demo_furimuki2_Data" FrameCount="45" Offset="0x190BB0"/>
        <PlayerAnimationData Name="gPlayerAnim_link_demo_return_to_past_Data" FrameCount="80" Offset="0x192340"/>
        <PlayerAnimationData Name="gPlayerAnim_pn_kakkufinish_Data" FrameCount="15" Offset="0x194D20"/>
        <PlayerAnimationData Name="gPlayerAnim_link_fighter_rebound_longR_Data" FrameCount="13" Offset="0x195500"/>
        <PlayerAnimationData Name="gPlayerAnim_al_fuwafuwa_loop_Data" FrameCount="40" Offset="0x195BD0"/>
        <PlayerAnimationData Name="gPlayerAnim_pz_cutterwaitanim_Data" FrameCount="29" Offset="0x1970C0"/>
        <PlayerAnimationData Name="gPlayerAnim_pz_maskoffstart_Data" FrameCount="15" Offset="0x197FF0"/>
        <PlayerAnimationData Name="gPlayerAnim_pg_maskoffstart_Data" FrameCount="15" Offset="0x1987D0"/>
        <PlayerAnimationData Name="gPlayerAnim_pn_maskoffstart_Data" FrameCount="15" Offset="0x198FB0"/>
        <PlayerAnimationData Name="gPlayerAnim_link_anchor_defense_hit_Data" FrameCount="8" Offset="0x199790"/>
        <PlayerAnimationData Name="gPlayerAnim_link_swimer_wait2swim_wait_Data" FrameCount="10" Offset="0x199BC0"/>
        <PlayerAnimationData Name="gPlayerAnim_link_normal_nocarry_free_wait_Data" FrameCount="5" Offset="0x19A100"/>
        <PlayerAnimationData Name="gPlayerAnim_link_uma_anim_slowrun_Data" FrameCount="29" Offset="0x19A3A0"/>
        <PlayerAnimationData Name="gPlayerAnim_clink_demo_koutai_Data" FrameCount="35" Offset="0x19B2D0"/>
        <PlayerAnimationData Name="gPlayerAnim_link_demo_goma_furimuki_Data" FrameCount="46" Offset="0x19C530"/>
        <PlayerAnimationData Name="gPlayerAnim_link_fighter_front_jump_endR_Data" FrameCount="21" Offset="0x19DD50"/>
        <PlayerAnimationData Name="gPlayerAnim_link_normal_give_other_Data" FrameCount="47" Offset="0x19E850"/>
        <PlayerAnimationData Name="gPlayerAnim_al_yes_Data" FrameCount="23" Offset="0x1A00F0"/>
        <PlayerAnimationData Name="gPlayerAnim_link_normal_waitL2wait_Data" FrameCount="13" Offset="0x1A0D00"/>
        <PlayerAnimationData Name="gPlayerAnim_link_normal_waitR2wait_Data" FrameCount="13" Offset="0x1A13D0"/>
        <PlayerAnimationData Name="gPlayerAnim_link_demo_gurad_Data" FrameCount="20" Offset="0x1A1AA0"/>
        <PlayerAnimationData Name="gPlayerAnim_link_waitF_typeD_20f_Data" FrameCount="138" Offset="0x1A2520"/>
        <PlayerAnimationData Name="gPlayerAnim_link_normal_ice_down_Data" FrameCount="16" Offset="0x1A6D60"/>
        <PlayerAnimationData Name="gPlayerAnim_pz_gakkiplay_Data" FrameCount="7" Offset="0x1A75C0"/>
        <PlayerAnimationData Name="gPlayerAnim_pn_gakkiplay_Data" FrameCount="8" Offset="0x1A7970"/>
        <PlayerAnimationData Name="gPlayerAnim_L_1kyoro_Data" FrameCount="20" Offset="0x1A7DA0"/>
        <PlayerAnimationData Name="gPlayerAnim_clink_demo_miokuri_Data" FrameCount="30" Offset="0x1A8820"/>
        <PlayerAnimationData Name="gPlayerAnim_L_2kyoro_Data" FrameCount="20" Offset="0x1A97E0"/>
        <PlayerAnimationData Name="gPlayerAnim_pg_gakkiplay_Data" FrameCount="18" Offset="0x1AA260"/>
        <PlayerAnimationData Name="gPlayerAnim_cl_umanoru_loop_Data" FrameCount="30" Offset="0x1AABD0"/>
        <PlayerAnimationData Name="gPlayerAnim_link_bottle_bug_miss_Data" FrameCount="13" Offset="0x1ABB90"/>
        <PlayerAnimationData Name="gPlayerAnim_link_normal_back_down_wake_Data" FrameCount="36" Offset="0x1AC260"/>
        <PlayerAnimationData Name="gPlayerAnim_link_normal_push_wait_Data" FrameCount="10" Offset="0x1AD540"/>
        <PlayerAnimationData Name="gPlayerAnim_link_fighter_landing_roll_long_Data" FrameCount="32" Offset="0x1ADA80"/>
        <PlayerAnimationData Name="gPlayerAnim_link_normal_run_jump_end_Data" FrameCount="19" Offset="0x1AEE70"/>
        <PlayerAnimationData Name="gPlayerAnim_link_demo_jibunmiru_Data" FrameCount="100" Offset="0x1AF870"/>
        <PlayerAnimationData Name="gPlayerAnim_link_normal_front_hit_Data" FrameCount="16" Offset="0x1B2CD0"/>
        <PlayerAnimationData Name="gPlayerAnim_link_normal_jump_climb_up_Data" FrameCount="38" Offset="0x1B3530"/>
        <PlayerAnimationData Name="gPlayerAnim_link_normal_defense_wait_free_Data" FrameCount="20" Offset="0x1B4920"/>
        <PlayerAnimationData Name="gPlayerAnim_clink_demo_atozusari_Data" FrameCount="33" Offset="0x1B53A0"/>
        <PlayerAnimationData Name="gPlayerAnim_link_demo_zeldamiru_Data" FrameCount="15" Offset="0x1B64F0"/>
        <PlayerAnimationData Name="gPlayerAnim_link_magic_tame_Data" FrameCount="43" Offset="0x1B6CD0"/>
        <PlayerAnimationData Name="gPlayerAnimData_1B3FA0" FrameCount="45" Offset="0x1B8360"/>
        <PlayerAnimationData Name="gPlayerAnim_link_hammer_long2free_Data" FrameCount="20" Offset="0x1B9AF0"/>
        <PlayerAnimationData Name="gPlayerAnim_link_normal_pull_end_Data" FrameCount="16" Offset="0x1BA570"/>
        <PlayerAnimationData Name="gPlayerAnim_link_normal_push_end_Data" FrameCount="16" Offset="0x1BADD0"/>
        <PlayerAnimationData Name="gPlayerAnim_link_normal_run_jump_Data" FrameCount="13" Offset="0x1BB630"/>
        <PlayerAnimationData Name="gPlayerAnim_link_last_hit_motion2_Data" FrameCount="28" Offset="0x1BBD00"/>
        <PlayerAnimationData Name="gPlayerAnim_link_last_hit_motion1_Data" FrameCount="82" Offset="0x1BCBB0"/>
        <PlayerAnimationData Name="gPlayerAnim_link_hook_fly_start_Data" FrameCount="9" Offset="0x1BF6A0"/>
        <PlayerAnimationData Name="gPlayerAnim_link_normal_up_slope_slip_Data" FrameCount="10" Offset="0x1BFB60"/>
        <PlayerAnimationData Name="gPlayerAnim_link_normal_waitL_free_Data" FrameCount="29" Offset="0x1C00A0"/>
        <PlayerAnimationData Name="gPlayerAnim_link_normal_waitR_free_Data" FrameCount="29" Offset="0x1C0FD0"/>
        <PlayerAnimationData Name="gPlayerAnim_link_anchor_pierce_kiru_endR_Data" FrameCount="9" Offset="0x1C1F00"/>
        <PlayerAnimationData Name="gPlayerAnim_dl_yusaburu_Data" FrameCount="6" Offset="0x1C23C0"/>
        <PlayerAnimationData Name="gPlayerAnim_clink_demo_mimawasi_Data" FrameCount="15" Offset="0x1C26F0"/>
        <PlayerAnimationData Name="gPlayerAnim_link_uma_right_down_Data" FrameCount="48" Offset="0x1C2ED0"/>
        <PlayerAnimationData Name="gPlayerAnim_link_swimer_land2swim_wait_Data" FrameCount="27" Offset="0x1C47F0"/>
        <PlayerAnimationData Name="gPlayerAnim_link_demo_bikkuri_Data" FrameCount="20" Offset="0x1C5620"/>
        <PlayerAnimationData Name="gPlayerAnim_clink_demo_standup_Data" FrameCount="78" Offset="0x1C60A0"/>
        <PlayerAnimationData Name="gPlayerAnim_pz_climb_upL_Data" FrameCount="21" Offset="0x1C8980"/>
        <PlayerAnimationData Name="gPlayerAnim_pz_climb_upR_Data" FrameCount="21" Offset="0x1C9480"/>
        <PlayerAnimationData Name="gPlayerAnim_okiagaru_wait_Data" FrameCount="40" Offset="0x1C9F80"/>
        <PlayerAnimationData Name="gPlayerAnim_link_normal_side_walk_free_Data" FrameCount="29" Offset="0x1CB470"/>
        <PlayerAnimationData Name="gPlayerAnim_link_silver_wait_Data" FrameCount="71" Offset="0x1CC3A0"/>
        <PlayerAnimationData Name="gPlayerAnim_pg_climb_upL_Data" FrameCount="21" Offset="0x1CE8D0"/>
        <PlayerAnimationData Name="gPlayerAnim_pg_climb_upR_Data" FrameCount="21" Offset="0x1CF3D0"/>
        <PlayerAnimationData Name="gPlayerAnim_Link_ha_Data" FrameCount="35" Offset="0x1CFED0"/>
        <PlayerAnimationData Name="gPlayerAnim_link_fighter_defense_long_hit_Data" FrameCount="9" Offset="0x1D1130"/>
        <PlayerAnimationData Name="gPlayerAnim_pg_punchBendR_Data" FrameCount="10" Offset="0x1D15F0"/>
        <PlayerAnimationData Name="gPlayerAnim_pg_punchCendR_Data" FrameCount="10" Offset="0x1D1B30"/>
        <PlayerAnimationData Name="gPlayerAnim_pg_punchAendR_Data" FrameCount="13" Offset="0x1D2070"/>
        <PlayerAnimationData Name="gPlayerAnim_okiagaru_tatu_Data" FrameCount="41" Offset="0x1D2740"/>
        <PlayerAnimationData Name="gPlayerAnim_link_anchor_back_brake_Data" FrameCount="18" Offset="0x1D3CC0"/>
        <PlayerAnimationData Name="gPlayerAnim_link_fighter_front_jump_end_Data" FrameCount="21" Offset="0x1D4630"/>
        <PlayerAnimationData Name="gPlayerAnim_Link_muku_Data" FrameCount="25" Offset="0x1D5B30"/>
        <PlayerAnimationData Name="gPlayerAnim_link_normal_side_walk_Data" FrameCount="29" Offset="0x1D6850"/>
        <PlayerAnimationData Name="gPlayerAnim_link_normal_back_walk_Data" FrameCount="29" Offset="0x1D7780"/>
        <PlayerAnimationData Name="gPlayerAnim_link_normal_front_downB_Data" FrameCount="12" Offset="0x1D86B0"/>
        <PlayerAnimationData Name="gPlayerAnim_link_normal_front_downA_Data" FrameCount="5" Offset="0x1D8D00"/>
        <PlayerAnimationData Name="gPlayerAnim_link_normal_backspace_Data" FrameCount="13" Offset="0x1D8FA0"/>
        <PlayerAnimationData Name="gPlayerAnim_L_kamaeru_Data" FrameCount="15" Offset="0x1D9670"/>
        <PlayerAnimationData Name="gPlayerAnim_link_kei_wait_Data" FrameCount="30" Offset="0x1D9E50"/>
        <PlayerAnimationData Name="gPlayerAnim_link_normal_okarina_swing_Data" FrameCount="68" Offset="0x1DAE10"/>
        <PlayerAnimationData Name="gPlayerAnim_kf_omen_Data" FrameCount="20" Offset="0x1DD1B0"/>
        <PlayerAnimationData Name="gPlayerAnim_clink_op3_negaeri_Data" FrameCount="55" Offset="0x1DDC30"/>
        <PlayerAnimationData Name="gPlayerAnim_link_fighter_rolling_kiru_Data" FrameCount="13" Offset="0x1DF900"/>
        <PlayerAnimationData Name="gPlayerAnim_link_demo_Tbox_open_Data" FrameCount="133" Offset="0x1DFFD0"/>
        <PlayerAnimationData Name="gPlayerAnim_alink_powerup_Data" FrameCount="80" Offset="0x1E4570"/>
        <PlayerAnimationData Name="gPlayerAnim_link_wait_itemC_20f_Data" FrameCount="93" Offset="0x1E6F50"/>
        <PlayerAnimationData Name="gPlayerAnim_link_wait_itemB_20f_Data" FrameCount="100" Offset="0x1EA000"/>
        <PlayerAnimationData Name="gPlayerAnim_link_wait_itemA_20f_Data" FrameCount="90" Offset="0x1ED460"/>
        <PlayerAnimationData Name="gPlayerAnim_link_normal_check_free_Data" FrameCount="20" Offset="0x1F0380"/>
        <PlayerAnimationData Name="gPlayerAnim_link_fighter_pierce_kiru_finsh_end_Data" FrameCount="19" Offset="0x1F0E00"/>
        <PlayerAnimationData Name="gPlayerAnim_link_fighter_normal_kiru_finsh_Data" FrameCount="6" Offset="0x1F1800"/>
        <PlayerAnimationData Name="gPlayerAnim_link_normal_fall_wait_Data" FrameCount="61" Offset="0x1F1B30"/>
        <PlayerAnimationData Name="gPlayerAnim_link_normal_check_end_free_Data" FrameCount="10" Offset="0x1F3B20"/>
        <PlayerAnimationData Name="gPlayerAnim_link_fighter_Lpower_jump_kiru_end_Data" FrameCount="19" Offset="0x1F4060"/>
        <PlayerAnimationData Name="gPlayerAnim_d_link_imanodare_Data" FrameCount="20" Offset="0x1F4A60"/>
        <PlayerAnimationData Name="gPlayerAnim_clink_demo_Tbox_open_Data" FrameCount="133" Offset="0x1F54E0"/>
        <PlayerAnimationData Name="gPlayerAnim_link_anchor_Rside_kiru_finsh_endR_Data" FrameCount="19" Offset="0x1F9A80"/>
        <PlayerAnimationData Name="gPlayerAnim_link_uma_anim_jump100_Data" FrameCount="23" Offset="0x1FA480"/>
        <PlayerAnimationData Name="gPlayerAnim_link_demo_furimuki2_wait_Data" FrameCount="30" Offset="0x1FB090"/>
        <PlayerAnimationData Name="gPlayerAnim_link_normal_landing_free_Data" FrameCount="21" Offset="0x1FC050"/>
        <PlayerAnimationData Name="gPlayerAnim_rakka_Data" FrameCount="57" Offset="0x1FCB50"/>
        <PlayerAnimationData Name="gPlayerAnim_clink_op3_okiagari_Data" FrameCount="365" Offset="0x1FE930"/>
        <PlayerAnimationData Name="gPlayerAnim_clink_demo_bashi_Data" FrameCount="55" Offset="0x20A840"/>
        <PlayerAnimationData Name="gPlayerAnim_pz_bladeon_Data" FrameCount="9" Offset="0x20C510"/>
        <PlayerAnimationData Name="gPlayerAnim_link_anchor_LRside_kiru_finsh_endL_Data" FrameCount="18" Offset="0x20C9D0"/>
        <PlayerAnimationData Name="gPlayerAnim_link_normal_long2bom_Data" FrameCount="20" Offset="0x20D340"/>
        <PlayerAnimationData Name="gPlayerAnim_link_normal_side_walkL_free_Data" FrameCount="16" Offset="0x20DDC0"/>
        <PlayerAnimationData Name="gPlayerAnim_link_normal_side_walkR_free_Data" FrameCount="16" Offset="0x20E620"/>
        <PlayerAnimationData Name="gPlayerAnim_link_anchor_back_walk_Data" FrameCount="16" Offset="0x20EE80"/>
        <PlayerAnimationData Name="gPlayerAnim_link_bow_defense_Data" FrameCount="5" Offset="0x20F6E0"/>
        <PlayerAnimationData Name="gPlayerAnim_clink_demo_koutai_wait_Data" FrameCount="20" Offset="0x20F980"/>
        <PlayerAnimationData Name="gPlayerAnim_link_anchor_Lside_kiru_finsh_endR_Data" FrameCount="15" Offset="0x210400"/>
        <PlayerAnimationData Name="gPlayerAnim_pg_doorB_open_Data" FrameCount="100" Offset="0x210BE0"/>
        <PlayerAnimationData Name="gPlayerAnim_pg_doorA_open_Data" FrameCount="100" Offset="0x214040"/>
        <PlayerAnimationData Name="gPlayerAnim_kf_dakiau_Data" FrameCount="35" Offset="0x2174A0"/>
        <PlayerAnimationData Name="gPlayerAnim_link_fighter_backturn_jump_end_Data" FrameCount="7" Offset="0x218700"/>
        <PlayerAnimationData Name="gPlayerAnim_link_fighter_Lpierce_kiru_Data" FrameCount="3" Offset="0x218AB0"/>
        <PlayerAnimationData Name="gPlayerAnim_clink_demo_get1_Data" FrameCount="40" Offset="0x218C50"/>
        <PlayerAnimationData Name="gPlayerAnim_clink_demo_get3_Data" FrameCount="20" Offset="0x21A140"/>
        <PlayerAnimationData Name="gPlayerAnim_clink_demo_get2_Data" FrameCount="20" Offset="0x21ABC0"/>
        <PlayerAnimationData Name="gPlayerAnim_Link_m_wait_Data" FrameCount="40" Offset="0x21B640"/>
        <PlayerAnimationData Name="gPlayerAnim_link_demo_baru_op2_Data" FrameCount="40" Offset="0x21CB30"/>
        <PlayerAnimationData Name="gPlayerAnim_link_demo_baru_op3_Data" FrameCount="25" Offset="0x21E020"/>
        <PlayerAnimationData Name="gPlayerAnim_link_demo_baru_op1_Data" FrameCount="35" Offset="0x21ED40"/>
        <PlayerAnimationData Name="gPlayerAnim_link_hook_walk2ready_Data" FrameCount="9" Offset="0x21FFA0"/>
        <PlayerAnimationData Name="gPlayerAnim_link_fighter_power_jump_kiru_end_Data" FrameCount="20" Offset="0x220460"/>
        <PlayerAnimationData Name="gPlayerAnim_link_anchor_LLside_kiru_finsh_endR_Data" FrameCount="16" Offset="0x220EE0"/>
        <PlayerAnimationData Name="gPlayerAnim_alink_fukitobu_Data" FrameCount="20" Offset="0x221740"/>
        <PlayerAnimationData Name="gPlayerAnim_link_swimer_swim_deep_start_Data" FrameCount="50" Offset="0x2221C0"/>
        <PlayerAnimationData Name="gPlayerAnim_link_fighter_pierce_kiru_end_Data" FrameCount="9" Offset="0x223BF0"/>
        <PlayerAnimationData Name="gPlayerAnim_pg_gakkistart_Data" FrameCount="14" Offset="0x2240B0"/>
        <PlayerAnimationData Name="gPlayerAnim_pg_gakkiplayU_Data" FrameCount="9" Offset="0x224810"/>
        <PlayerAnimationData Name="gPlayerAnim_pg_gakkiplayR_Data" FrameCount="9" Offset="0x224CD0"/>
        <PlayerAnimationData Name="gPlayerAnim_pg_gakkiplayL_Data" FrameCount="9" Offset="0x225190"/>
        <PlayerAnimationData Name="gPlayerAnim_pg_gakkiplayD_Data" FrameCount="9" Offset="0x225650"/>
        <PlayerAnimationData Name="gPlayerAnim_pg_gakkiplayA_Data" FrameCount="9" Offset="0x225B10"/>
        <PlayerAnimationData Name="gPlayerAnim_link_normal_45_turn_Data" FrameCount="10" Offset="0x225FD0"/>
        <PlayerAnimationData Name="gPlayerAnim_link_uma_wait_3_Data" FrameCount="30" Offset="0x226510"/>
        <PlayerAnimationData Name="gPlayerAnim_link_uma_wait_2_Data" FrameCount="195" Offset="0x2274D0"/>
        <PlayerAnimationData Name="gPlayerAnim_link_uma_wait_1_Data" FrameCount="208" Offset="0x22DAF0"/>
        <PlayerAnimationData Name="gPlayerAnim_link_fighter_power_kiru_startL_Data" FrameCount="11" Offset="0x2347D0"/>
        <PlayerAnimationData Name="gPlayerAnim_lost_horse_wait_Data" FrameCount="11" Offset="0x234DA0"/>
        <PlayerAnimationData Name="gPlayerAnim_demo_link_tewatashi_Data" FrameCount="90" Offset="0x235370"/>
        <PlayerAnimationData Name="gPlayerAnim_link_normal_newroll_jump_20f_Data" FrameCount="13" Offset="0x238290"/>
        <PlayerAnimationData Name="gPlayerAnim_link_normal_free2freeB_Data" FrameCount="20" Offset="0x238960"/>
        <PlayerAnimationData Name="gPlayerAnim_link_fighter_Lside_jump_endL_Data" FrameCount="8" Offset="0x2393E0"/>
        <PlayerAnimationData Name="gPlayerAnim_link_fighter_Rside_jump_endR_Data" FrameCount="8" Offset="0x239810"/>
        <PlayerAnimationData Name="gPlayerAnim_pg_maru_change_Data" FrameCount="11" Offset="0x239C40"/>
        <PlayerAnimationData Name="gPlayerAnim_link_normal_back_run_Data" FrameCount="16" Offset="0x23A210"/>
        <PlayerAnimationData Name="gPlayerAnim_link_normal_wait_typeA_20f_Data" FrameCount="184" Offset="0x23AA70"/>
        <PlayerAnimationData Name="gPlayerAnim_link_normal_wait_typeB_20f_Data" FrameCount="187" Offset="0x240AC0"/>
        <PlayerAnimationData Name="gPlayerAnim_link_normal_wait_typeC_20f_Data" FrameCount="200" Offset="0x246CB0"/>
        <PlayerAnimationData Name="gPlayerAnim_dl_jibunmiru_wait_Data" FrameCount="20" Offset="0x24D560"/>
        <PlayerAnimationData Name="gPlayerAnim_sirimochi_Data" FrameCount="54" Offset="0x24DFE0"/>
        <PlayerAnimationData Name="gPlayerAnim_link_anchor_anchor2fighter_Data" FrameCount="34" Offset="0x24FC30"/>
        <PlayerAnimationData Name="gPlayerAnim_link_magic_tamashii1_Data" FrameCount="52" Offset="0x250E00"/>
        <PlayerAnimationData Name="gPlayerAnim_link_magic_tamashii3_Data" FrameCount="49" Offset="0x252940"/>
        <PlayerAnimationData Name="gPlayerAnim_link_magic_tamashii2_Data" FrameCount="29" Offset="0x2542F0"/>
        <PlayerAnimationData Name="gPlayerAnim_link_fighter_side_walk_long_Data" FrameCount="29" Offset="0x255220"/>
        <PlayerAnimationData Name="gPlayerAnim_link_fighter_power_kiru_start_Data" FrameCount="11" Offset="0x256150"/>
        <PlayerAnimationData Name="gPlayerAnim_pn_kakku_Data" FrameCount="12" Offset="0x256720"/>
        <PlayerAnimationData Name="gPlayerAnim_link_normal_defense_kiru_Data" FrameCount="5" Offset="0x256D70"/>
        <PlayerAnimationData Name="gPlayerAnim_link_boom_throw_waitL_Data" FrameCount="29" Offset="0x257010"/>
        <PlayerAnimationData Name="gPlayerAnim_link_boom_throw_waitR_Data" FrameCount="29" Offset="0x257F40"/>
        <PlayerAnimationData Name="gPlayerAnim_link_demo_kakeyori_mimawasi_Data" FrameCount="85" Offset="0x258E70"/>
        <PlayerAnimationData Name="gPlayerAnim_link_normal_Fclimb_hold2upL_Data" FrameCount="30" Offset="0x25BAF0"/>
        <PlayerAnimationData Name="gPlayerAnim_Link_miageru_Data" FrameCount="20" Offset="0x25CAB0"/>
        <PlayerAnimationData Name="gPlayerAnim_link_fighter_Lrolling_kiru_Data" FrameCount="16" Offset="0x25D530"/>
        <PlayerAnimationData Name="gPlayerAnim_link_fighter_Wrolling_kiru_Data" FrameCount="17" Offset="0x25DD90"/>
        <PlayerAnimationData Name="gPlayerAnim_link_fighter_rolling_kiru_end_Data" FrameCount="16" Offset="0x25E680"/>
        <PlayerAnimationData Name="gPlayerAnim_link_fighter_Lnormal_kiru_finsh_Data" FrameCount="8" Offset="0x25EEE0"/>
        <PlayerAnimationData Name="gPlayerAnim_pz_cuttercatch_Data" FrameCount="6" Offset="0x25F310"/>
        <PlayerAnimationData Name="gPlayerAnim_link_anchor_waitL2defense_Data" FrameCount="3" Offset="0x25F640"/>
        <PlayerAnimationData Name="gPlayerAnim_link_anchor_waitR2defense_Data" FrameCount="3" Offset="0x25F7E0"/>
        <PlayerAnimationData Name="gPlayerAnim_clink_demo_koutai_kennuki_Data" FrameCount="25" Offset="0x25F980"/>
        <PlayerAnimationData Name="gPlayerAnim_link_normal_carryB_wait_Data" FrameCount="55" Offset="0x2606A0"/>
        <PlayerAnimationData Name="gPlayerAnim_link_normal_waitF_typeC_20f_Data" FrameCount="200" Offset="0x262370"/>
        <PlayerAnimationData Name="gPlayerAnim_link_normal_waitF_typeB_20f_Data" FrameCount="187" Offset="0x268C20"/>
        <PlayerAnimationData Name="gPlayerAnim_link_normal_waitF_typeA_20f_Data" FrameCount="184" Offset="0x26EE10"/>
        <PlayerAnimationData Name="gPlayerAnim_link_child_tunnel_start_Data" FrameCount="80" Offset="0x274E60"/>
        <PlayerAnimationData Name="gPlayerAnim_demo_pikupiku_Data" FrameCount="10" Offset="0x277840"/>
        <PlayerAnimationData Name="gPlayerAnim_lost_horse_Data" FrameCount="81" Offset="0x277D80"/>
        <PlayerAnimationData Name="gPlayerAnim_link_normal_jump_climb_wait_free_Data" FrameCount="72" Offset="0x27A7F0"/>
        <PlayerAnimationData Name="gPlayerAnim_link_fighter_rebound_long_Data" FrameCount="13" Offset="0x27CDA0"/>
        <PlayerAnimationData Name="gPlayerAnim_link_uma_left_up_Data" FrameCount="70" Offset="0x27D470"/>
        <PlayerAnimationData Name="gPlayerAnim_link_normal_put_free_Data" FrameCount="15" Offset="0x27F920"/>
        <PlayerAnimationData Name="gPlayerAnim_link_fighter_normal_kiru_Data" FrameCount="5" Offset="0x280100"/>
        <PlayerAnimationData Name="gPlayerAnim_clink_op3_wait3_Data" FrameCount="30" Offset="0x2803A0"/>
        <PlayerAnimationData Name="gPlayerAnim_clink_op3_wait2_Data" FrameCount="30" Offset="0x281360"/>
        <PlayerAnimationData Name="gPlayerAnim_clink_op3_wait1_Data" FrameCount="80" Offset="0x282320"/>
        <PlayerAnimationData Name="gPlayerAnim_link_normal_run_free_Data" FrameCount="20" Offset="0x284D00"/>
        <PlayerAnimationData Name="gPlayerAnim_link_fighter_turn_kiruR_end_Data" FrameCount="16" Offset="0x285780"/>
        <PlayerAnimationData Name="gPlayerAnim_link_fighter_turn_kiruL_end_Data" FrameCount="16" Offset="0x285FE0"/>
        <PlayerAnimationData Name="gPlayerAnim_pz_attackC_Data" FrameCount="20" Offset="0x286840"/>
        <PlayerAnimationData Name="gPlayerAnim_pz_attackB_Data" FrameCount="10" Offset="0x2872C0"/>
        <PlayerAnimationData Name="gPlayerAnim_pz_attackA_Data" FrameCount="7" Offset="0x287800"/>
        <PlayerAnimationData Name="gPlayerAnim_link_fighter_LRside_kiru_Data" FrameCount="6" Offset="0x287BB0"/>
        <PlayerAnimationData Name="gPlayerAnim_link_fighter_LLside_kiru_Data" FrameCount="6" Offset="0x287EE0"/>
        <PlayerAnimationData Name="gPlayerAnim_link_bottle_fish_out_Data" FrameCount="120" Offset="0x288540"/>
        <PlayerAnimationData Name="gPlayerAnim_link_demo_doorA_link_free_Data" FrameCount="100" Offset="0x28C410"/>
        <PlayerAnimationData Name="gPlayerAnim_link_normal_free2bom_Data" FrameCount="20" Offset="0x28F870"/>
        <PlayerAnimationData Name="gPlayerAnim_link_demo_doorB_link_free_Data" FrameCount="100" Offset="0x2902F0"/>
        <PlayerAnimationData Name="gPlayerAnim_link_normal_jump_climb_wait_Data" FrameCount="73" Offset="0x293750"/>
        <PlayerAnimationData Name="gPlayerAnim_d_link_orooro_Data" FrameCount="60" Offset="0x295D90"/>
        <PlayerAnimationData Name="gPlayerAnim_link_normal_defense_hit_Data" FrameCount="9" Offset="0x297D00"/>
        <PlayerAnimationData Name="gPlayerAnim_link_normal_jump_climb_hold_free_Data" FrameCount="18" Offset="0x2981C0"/>
        <PlayerAnimationData Name="gPlayerAnim_kf_dakiau_loop_Data" FrameCount="40" Offset="0x298B30"/>
        <PlayerAnimationData Name="gPlayerAnim_pg_punchC_Data" FrameCount="20" Offset="0x29A020"/>
        <PlayerAnimationData Name="gPlayerAnim_pg_punchB_Data" FrameCount="19" Offset="0x29AAA0"/>
        <PlayerAnimationData Name="gPlayerAnim_pg_punchA_Data" FrameCount="12" Offset="0x29B4A0"/>
        <PlayerAnimationData Name="gPlayerAnim_link_normal_down_slope_slip_end_long_Data" FrameCount="19" Offset="0x29BAF0"/>
        <PlayerAnimationData Name="gPlayerAnim_link_normal_back_downB_Data" FrameCount="14" Offset="0x29C4F0"/>
        <PlayerAnimationData Name="gPlayerAnim_link_normal_back_downA_Data" FrameCount="6" Offset="0x29CC50"/>
        <PlayerAnimationData Name="gPlayerAnimData_297E90" FrameCount="30" Offset="0x29CF80"/>
        <PlayerAnimationData Name="gPlayerAnim_link_bow_bow_ready_Data" FrameCount="9" Offset="0x29DF40"/>
        <PlayerAnimationData Name="gPlayerAnim_vs_yousei_Data" FrameCount="102" Offset="0x29E400"/>
        <PlayerAnimationData Name="gPlayerAnim_link_normal_down_slope_slip_Data" FrameCount="10" Offset="0x2A1970"/>
        <PlayerAnimationData Name="gPlayerAnim_link_fighter_Rside_jump_Data" FrameCount="7" Offset="0x2A1EB0"/>
        <PlayerAnimationData Name="gPlayerAnim_link_fighter_Lside_jump_Data" FrameCount="7" Offset="0x2A2260"/>
        <PlayerAnimationData Name="gPlayerAnim_pz_Tbox_open_Data" FrameCount="133" Offset="0x2A2610"/>
        <PlayerAnimationData Name="gPlayerAnim_pg_Tbox_open_Data" FrameCount="133" Offset="0x2A6BB0"/>
        <PlayerAnimationData Name="gPlayerAnim_alink_yurayura_Data" FrameCount="40" Offset="0x2AB150"/>
        <PlayerAnimationData Name="gPlayerAnim_pn_Tbox_open_Data" FrameCount="133" Offset="0x2AC640"/>
        <PlayerAnimationData Name="gPlayerAnim_link_normal_light_bom_end_Data" FrameCount="19" Offset="0x2B0BE0"/>
        <PlayerAnimationData Name="gPlayerAnim_clink_demo_return_to_future_Data" FrameCount="51" Offset="0x2B15E0"/>
        <PlayerAnimationData Name="gPlayerAnim_cl_msbowait_Data" FrameCount="79" Offset="0x2B30A0"/>
        <PlayerAnimationData Name="gPlayerAnim_link_normal_run_jump_water_fall_Data" FrameCount="31" Offset="0x2B5A00"/>
        <PlayerAnimationData Name="gPlayerAnim_link_normal_carryB_free_Data" FrameCount="17" Offset="0x2B6A40"/>
        <PlayerAnimationData Name="gPlayerAnim_lkt_nwait_Data" FrameCount="45" Offset="0x2B7330"/>
        <PlayerAnimationData Name="gPlayerAnim_link_fighter_Lnormal_kiru_end_Data" FrameCount="9" Offset="0x2B8AC0"/>
        <PlayerAnimationData Name="gPlayerAnim_pz_attackBend_Data" FrameCount="12" Offset="0x2B8F80"/>
        <PlayerAnimationData Name="gPlayerAnim_pz_attackCend_Data" FrameCount="10" Offset="0x2B95D0"/>
        <PlayerAnimationData Name="gPlayerAnim_pz_attackAend_Data" FrameCount="9" Offset="0x2B9B10"/>
        <PlayerAnimationData Name="gPlayerAnim_link_normal_re_dead_attack_Data" FrameCount="9" Offset="0x2B9FD0"/>
        <PlayerAnimationData Name="gPlayerAnim_al_hensin_loop_Data" FrameCount="48" Offset="0x2BA490"/>
        <PlayerAnimationData Name="gPlayerAnim_L_okarina_get_Data" FrameCount="30" Offset="0x2C41A0"/>
        <PlayerAnimationData Name="gPlayerAnim_link_normal_electric_shock_end_Data" FrameCount="113" Offset="0x2C5160"/>
        <PlayerAnimationData Name="gPlayerAnim_link_normal_normal2fighter_Data" FrameCount="20" Offset="0x2C8C90"/>
        <PlayerAnimationData Name="gPlayerAnim_link_anchor_side_walkR_Data" FrameCount="16" Offset="0x2C9710"/>
        <PlayerAnimationData Name="gPlayerAnim_link_anchor_side_walkL_Data" FrameCount="16" Offset="0x2C9F70"/>
        <PlayerAnimationData Name="gPlayerAnim_link_anchor_Lpierce_kiru_endL_Data" FrameCount="9" Offset="0x2CA7D0"/>
        <PlayerAnimationData Name="gPlayerAnim_link_demo_gurad_wait_Data" FrameCount="10" Offset="0x2CAC90"/>
        <PlayerAnimationData Name="gPlayerAnim_cl_setmask_Data" FrameCount="66" Offset="0x2CB1D0"/>
        <PlayerAnimationData Name="gPlayerAnim_link_fighter_front_jump_Data" FrameCount="10" Offset="0x2CD460"/>
        <PlayerAnimationData Name="gPlayerAnim_cl_wakare_loop_Data" FrameCount="30" Offset="0x2CD9A0"/>
        <PlayerAnimationData Name="gPlayerAnim_link_fighter_Wrolling_kiru_end_Data" FrameCount="12" Offset="0x2CE960"/>
        <PlayerAnimationData Name="gPlayerAnim_link_fighter_fighter2long_Data" FrameCount="20" Offset="0x2CEFB0"/>
        <PlayerAnimationData Name="gPlayerAnim_link_bow_side_walk_Data" FrameCount="24" Offset="0x2CFA30"/>
        <PlayerAnimationData Name="gPlayerAnim_alink_ozigi_Data" FrameCount="30" Offset="0x2D06C0"/>
        <PlayerAnimationData Name="gPlayerAnim_pz_attackBendR_Data" FrameCount="6" Offset="0x2D1680"/>
        <PlayerAnimationData Name="gPlayerAnim_pz_attackCendR_Data" FrameCount="3" Offset="0x2D19B0"/>
        <PlayerAnimationData Name="gPlayerAnim_pz_attackAendR_Data" FrameCount="6" Offset="0x2D1B50"/>
        <PlayerAnimationData Name="gPlayerAnim_pz_cutterattack_Data" FrameCount="9" Offset="0x2D3400"/>
        <PlayerAnimationData Name="gPlayerAnim_kf_hanare_loop_Data" FrameCount="40" Offset="0x2D38C0"/>
        <PlayerAnimationData Name="gPlayerAnimData_2C6350" FrameCount="45" Offset="0x2D4DB0"/>
        <PlayerAnimationData Name="gPlayerAnim_link_okiru_demo_Data" FrameCount="80" Offset="0x2D6540"/>
        <PlayerAnimationData Name="gPlayerAnim_link_normal_check_Data" FrameCount="20" Offset="0x2D8F20"/>
        <PlayerAnimationData Name="gPlayerAnim_link_anchor_Lnormal_kiru_endR_Data" FrameCount="10" Offset="0x2D99A0"/>
        <PlayerAnimationData Name="gPlayerAnim_alink_dance_loop_Data" FrameCount="145" Offset="0x2D9EE0"/>
        <PlayerAnimationData Name="gPlayerAnim_pn_drink_Data" FrameCount="15" Offset="0x2DEAD0"/>
        <PlayerAnimationData Name="gPlayerAnim_link_fighter_Lpower_kiru_wait_Data" FrameCount="35" Offset="0x2DF2B0"/>
        <PlayerAnimationData Name="gPlayerAnim_L_bouzen_Data" FrameCount="15" Offset="0x2E0510"/>
        <PlayerAnimationData Name="gPlayerAnim_link_fighter_Lpower_kiru_walk_Data" FrameCount="21" Offset="0x2E0CF0"/>
        <PlayerAnimationData Name="gPlayerAnim_link_fighter_jump_kiru_finsh_Data" FrameCount="10" Offset="0x2E17F0"/>
        <PlayerAnimationData Name="gPlayerAnim_cl_uma_leftup_Data" FrameCount="38" Offset="0x2E1D30"/>
        <PlayerAnimationData Name="gPlayerAnim_okiagaru_Data" FrameCount="79" Offset="0x2E3120"/>
        <PlayerAnimationData Name="gPlayerAnim_link_keirei_Data" FrameCount="40" Offset="0x2E5A80"/>
        <PlayerAnimationData Name="gPlayerAnimData_2D8510" FrameCount="66" Offset="0x2E6F70"/>
        <PlayerAnimationData Name="gPlayerAnim_cl_umamiage_Data" FrameCount="30" Offset="0x2E9200"/>
        <PlayerAnimationData Name="gPlayerAnim_link_normal_fall_up_free_Data" FrameCount="61" Offset="0x2EA1C0"/>
        <PlayerAnimationData Name="gPlayerAnim_link_swimer_swim_hit_Data" FrameCount="10" Offset="0x2EC1B0"/>
        <PlayerAnimationData Name="gPlayerAnim_link_normal_100step_up_Data" FrameCount="28" Offset="0x2EC6F0"/>
        <PlayerAnimationData Name="gPlayerAnim_link_normal_150step_up_Data" FrameCount="45" Offset="0x2ED5A0"/>
        <PlayerAnimationData Name="gPlayerAnim_demo_suwari1_Data" FrameCount="40" Offset="0x2EED30"/>
        <PlayerAnimationData Name="gPlayerAnim_demo_suwari3_Data" FrameCount="30" Offset="0x2F0220"/>
        <PlayerAnimationData Name="gPlayerAnim_demo_suwari2_Data" FrameCount="80" Offset="0x2F11E0"/>
        <PlayerAnimationData Name="gPlayerAnim_link_bottle_read_Data" FrameCount="100" Offset="0x2F3BC0"/>
        <PlayerAnimationData Name="gPlayerAnim_kf_awase_Data" FrameCount="10" Offset="0x2F7020"/>
        <PlayerAnimationData Name="gPlayerAnim_o_get_ato_Data" FrameCount="20" Offset="0x2F7560"/>
        <PlayerAnimationData Name="gPlayerAnim_al_yareyare_Data" FrameCount="48" Offset="0x2F7FE0"/>
        <PlayerAnimationData Name="gPlayerAnim_link_demo_ue_wait_Data" FrameCount="30" Offset="0x2F9900"/>
        <PlayerAnimationData Name="gPlayerAnim_cl_dakisime_Data" FrameCount="40" Offset="0x2FA8C0"/>
        <PlayerAnimationData Name="gPlayerAnim_link_normal_newside_jump_20f_Data" FrameCount="14" Offset="0x2FBDB0"/>
        <PlayerAnimationData Name="gPlayerAnim_link_swimer_back_swim_Data" FrameCount="39" Offset="0x2FC510"/>
        <PlayerAnimationData Name="gPlayerAnim_kolink_odoroki_demo_Data" FrameCount="60" Offset="0x2FD980"/>
        <PlayerAnimationData Name="gPlayerAnim_link_normal_damage_run_free_Data" FrameCount="20" Offset="0x2FF8F0"/>
        <PlayerAnimationData Name="gPlayerAnim_L_kw_Data" FrameCount="20" Offset="0x300370"/>
        <PlayerAnimationData Name="gPlayerAnim_al_no_Data" FrameCount="25" Offset="0x300DF0"/>
        <PlayerAnimationData Name="gPlayerAnim_link_demo_doorB_link_Data" FrameCount="100" Offset="0x301B10"/>
        <PlayerAnimationData Name="gPlayerAnim_link_demo_doorA_link_Data" FrameCount="100" Offset="0x304F70"/>
        <PlayerAnimationData Name="gPlayerAnim_alink_somukeru_Data" FrameCount="8" Offset="0x3083D0"/>
    </File>
</Root>
