<Root>
    <!-- Animations used in the intro to the Ganon fight. -->
    <File Name="object_ganon_anime3" Segment="6">
        <!-- Ganondorf Animations -->
        <Animation Name="gGanondorfShowTriforceStartAnim" Offset="0xBFC"/> <!-- Original name is "GF_aw" -->
        <Animation Name="gGanondorfBurstOutAnim" Offset="0x2168"/> <!-- Original name is "GF_f" -->
        <Animation Name="gGanondorfTransformEndAnim" Offset="0x28A8"/> <!-- Original name is "GF_hen_shin" ("transformation") -->
        <Animation Name="gGanondorfFloatingHeavyBreathingAnim" Offset="0x2E6C"/> <!-- Original name is "GF_sw" -->
        <Animation Name="gGanondorfTransformStartAnim" Offset="0x3754"/> <!-- Original name is "GF_tijimu" ("to shrink, to contract") -->
        <Animation Name="gGanondorfTransformLoopAnim" Offset="0x3884"/> <!-- Original name is "GF_tijimu_wait" -->
        <Animation Name="gGanondorfShowTriforceLoopAnim" Offset="0x3F38"/> <!-- Original name is "GF_tw" -->

        <!-- Ganon Animations -->
        <Animation Name="gGanonUncurlAndFlailAnim" Offset="0x10380"/> <!-- Original name is "LG_DANGO" ("ball-shaped") -->
        <Animation Name="gGanonRoarAnim" Offset="0x147E0"/> <!-- Original name is "LG_Hoeru" ("howl") -->
    </File>
</Root>
