<Root>
    <File Name="object_oA4" Segment="6">
        <Limb Name="object_oA4_Limb_00000000" LimbType="Standard" Offset="0x0"/>
        <Limb Name="object_oA4_Limb_0000000C" LimbType="Standard" Offset="0xC"/>
        <Limb Name="object_oA4_Limb_00000018" LimbType="Standard" Offset="0x18"/>
        <Limb Name="object_oA4_Limb_00000024" LimbType="Standard" Offset="0x24"/>
        <Limb Name="object_oA4_Limb_00000030" LimbType="Standard" Offset="0x30"/>
        <Limb Name="object_oA4_Limb_0000003C" LimbType="Standard" Offset="0x3C"/>
        <Limb Name="object_oA4_Limb_00000048" LimbType="Standard" Offset="0x48"/>
        <Limb Name="object_oA4_Limb_00000054" LimbType="Standard" Offset="0x54"/>
        <Limb Name="object_oA4_Limb_00000060" LimbType="Standard" Offset="0x60"/>
        <Limb Name="object_oA4_Limb_0000006C" LimbType="Standard" Offset="0x6C"/>
        <Limb Name="object_oA4_Limb_00000078" LimbType="Standard" Offset="0x78"/>
        <Limb Name="object_oA4_Limb_00000084" LimbType="Standard" Offset="0x84"/>
        <Limb Name="object_oA4_Limb_00000090" LimbType="Standard" Offset="0x90"/>
        <Limb Name="object_oA4_Limb_0000009C" LimbType="Standard" Offset="0x9C"/>
        <Limb Name="object_oA4_Limb_000000A8" LimbType="Standard" Offset="0xA8"/>
        <Limb Name="object_oA4_Limb_000000B4" LimbType="Standard" Offset="0xB4"/>
        <Limb Name="object_oA4_Limb_000000C0" LimbType="Standard" Offset="0xC0"/>
        <Limb Name="object_oA4_Limb_000000CC" LimbType="Standard" Offset="0xCC"/>
        <Limb Name="object_oA4_Limb_000000D8" LimbType="Standard" Offset="0xD8"/>
        <Limb Name="object_oA4_Limb_000000E4" LimbType="Standard" Offset="0xE4"/>
        <Limb Name="object_oA4_Limb_000000F0" LimbType="Standard" Offset="0xF0"/>
        <Limb Name="object_oA4_Limb_000000FC" LimbType="Standard" Offset="0xFC"/>
        <Limb Name="object_oA4_Limb_00000108" LimbType="Standard" Offset="0x108"/>
        <Limb Name="object_oA4_Limb_00000114" LimbType="Standard" Offset="0x114"/>
        <Limb Name="object_oA4_Limb_00000120" LimbType="Standard" Offset="0x120"/>
        <Limb Name="object_oA4_Limb_0000012C" LimbType="Standard" Offset="0x12C"/>
        <Limb Name="object_oA4_Limb_00000138" LimbType="Standard" Offset="0x138"/>
        <Limb Name="object_oA4_Limb_00000144" LimbType="Standard" Offset="0x144"/>
        <Limb Name="object_oA4_Limb_00000150" LimbType="Standard" Offset="0x150"/>
        <Limb Name="object_oA4_Limb_0000015C" LimbType="Standard" Offset="0x15C"/>
        <Limb Name="object_oA4_Limb_00000168" LimbType="Standard" Offset="0x168"/>
        <Limb Name="object_oA4_Limb_00000174" LimbType="Standard" Offset="0x174"/>
        <Limb Name="object_oA4_Limb_00000180" LimbType="Standard" Offset="0x180"/>
        <Limb Name="object_oA4_Limb_0000018C" LimbType="Standard" Offset="0x18C"/>
        <Limb Name="object_oA4_Limb_00000198" LimbType="Standard" Offset="0x198"/>
        <Limb Name="object_oA4_Limb_000001A4" LimbType="Standard" Offset="0x1A4"/>
        <Limb Name="object_oA4_Limb_000001B0" LimbType="Standard" Offset="0x1B0"/>
        <Limb Name="object_oA4_Limb_000001BC" LimbType="Standard" Offset="0x1BC"/>
        <Skeleton Name="object_oA4_Skel_00000260" Type="Normal" LimbType="Standard" Offset="0x260"/>
        <DList Name="object_oA4_DL_00000B28" Offset="0xB28"/>
        <DList Name="object_oA4_DL_00000BA8" Offset="0xBA8"/>
        <DList Name="object_oA4_DL_00000C80" Offset="0xC80"/>
        <DList Name="object_oA4_DL_00000E38" Offset="0xE38"/>
        <DList Name="object_oA4_DL_00000F18" Offset="0xF18"/>
        <DList Name="object_oA4_DL_00000F70" Offset="0xF70"/>
        <DList Name="object_oA4_DL_00000FD0" Offset="0xFD0"/>
        <DList Name="object_oA4_DL_00001028" Offset="0x1028"/>
        <DList Name="object_oA4_DL_00001088" Offset="0x1088"/>
        <DList Name="object_oA4_DL_000010F0" Offset="0x10F0"/>
        <DList Name="object_oA4_DL_000011D0" Offset="0x11D0"/>
        <DList Name="object_oA4_DL_00001228" Offset="0x1228"/>
        <DList Name="object_oA4_DL_00001288" Offset="0x1288"/>
        <DList Name="object_oA4_DL_000012E0" Offset="0x12E0"/>
        <DList Name="object_oA4_DL_00001340" Offset="0x1340"/>
        <Texture Name="object_oA4_Tex_000013A8" OutName="tex_000013A8" Format="rgba16" Width="8" Height="16" Offset="0x13A8"/>
        <Texture Name="object_oA4_Tex_000014A8" OutName="tex_000014A8" Format="rgba16" Width="8" Height="8" Offset="0x14A8"/>
        <Texture Name="object_oA4_Tex_00001528" OutName="tex_00001528" Format="rgba16" Width="8" Height="8" Offset="0x1528"/>
        <Texture Name="object_oA4_Tex_000015A8" OutName="tex_000015A8" Format="rgba16" Width="8" Height="8" Offset="0x15A8"/>
        <Texture Name="object_oA4_Tex_00001628" OutName="tex_00001628" Format="rgba16" Width="8" Height="8" Offset="0x1628"/>
        <Texture Name="object_oA4_Tex_000016A8" OutName="tex_000016A8" Format="rgba16" Width="8" Height="8" Offset="0x16A8"/>
    </File>
</Root>
