<Root>
    <File Name="icon_item_24_static" Segment="9">
        <Texture Name="gQuestIconMedallionForestTex" OutName="forest_medallion_icon" Format="rgba32" Width="24" Height="24" Offset="0x0"/>
        <Texture Name="gQuestIconMedallionFireTex" OutName="fire_medallion_icon" Format="rgba32" Width="24" Height="24" Offset="0x900"/>
        <Texture Name="gQuestIconMedallionWaterTex" OutName="water_medallion_icon" Format="rgba32" Width="24" Height="24" Offset="0x1200"/>
        <Texture Name="gQuestIconMedallionSpiritTex" OutName="spirit_medallion_icon" Format="rgba32" Width="24" Height="24" Offset="0x1B00"/>
        <Texture Name="gQuestIconMedallionShadowTex" OutName="shadow_medallion_icon" Format="rgba32" Width="24" Height="24" Offset="0x2400"/>
        <Texture Name="gQuestIconMedallionLightTex" OutName="light_medallion_icon" Format="rgba32" Width="24" Height="24" Offset="0x2D00"/>
        <Texture Name="gQuestIconKokiriEmeraldTex" OutName="kokiri_emerald_icon" Format="rgba32" Width="24" Height="24" Offset="0x3600"/>
        <Texture Name="gQuestIconGoronRubyTex" OutName="goron_ruby_icon" Format="rgba32" Width="24" Height="24" Offset="0x3F00"/>
        <Texture Name="gQuestIconZoraSapphireTex" OutName="zora_sapphire_icon" Format="rgba32" Width="24" Height="24" Offset="0x4800"/>
        <Texture Name="gQuestIconStoneOfAgonyTex" OutName="stone_of_agony_icon" Format="rgba32" Width="24" Height="24" Offset="0x5100"/>
        <Texture Name="gQuestIconGerudosCardTex" OutName="gerudos_card_icon" Format="rgba32" Width="24" Height="24" Offset="0x5A00"/>
        <Texture Name="gQuestIconGoldSkulltulaTex" OutName="gold_skulltula_icon" Format="rgba32" Width="24" Height="24" Offset="0x6300"/>
        <Texture Name="gQuestIconHeartContainerTex" OutName="heart_container_icon" Format="rgba32" Width="24" Height="24" Offset="0x6C00"/>
        <Texture Name="gQuestIconHeartPieceTex" OutName="unsed_piece_of_heart_icon" Format="rgba32" Width="24" Height="24" Offset="0x7500"/>
        <Texture Name="gQuestIconDungeonBossKeyTex" OutName="boss_key_icon" Format="rgba32" Width="24" Height="24" Offset="0x7E00"/>
        <Texture Name="gQuestIconDungeonCompassTex" OutName="compass_icon" Format="rgba32" Width="24" Height="24" Offset="0x8700"/>
        <Texture Name="gQuestIconDungeonMapTex" OutName="dungeon_map_icon" Format="rgba32" Width="24" Height="24" Offset="0x9000"/>
        <Texture Name="gQuestIconSmallKeyTex" OutName="small_key_icon" Format="rgba32" Width="24" Height="24" Offset="0x9900"/>
        <Texture Name="gQuestIconMagicJarSmallTex" OutName="small_magic_jar_icon" Format="rgba32" Width="24" Height="24" Offset="0xA200"/>
        <Texture Name="gQuestIconMagicJarBigTex" OutName="big_magic_jar_icon" Format="rgba32" Width="24" Height="24" Offset="0xAB00"/>
    </File>
</Root>
