<Root>
    <File Name="icon_item_field_static" Segment="12">
        <Texture Name="gWorldMapImageTex" OutName="world_map_image" Format="ci8" Width="216" Height="128" Offset="0x0"/>
        <Texture Name="gWorldMapImageTLUT" OutName="world_map_image_tlut" Format="rgba16" Width="16" Height="16" Offset="0x6C00"/>
        <Texture Name="gWorldMapDotTex" OutName="world_map_dot" Format="ia8" Width="8" Height="8" Offset="0x6E00"/>
        <Texture Name="gWorldMapAreaBox1Tex" OutName="world_map_area_box_1" Format="ia4" Width="32" Height="19" Offset="0x6E40"/>
        <Texture Name="gWorldMapAreaBox2Tex" OutName="world_map_area_box_2" Format="ia4" Width="48" Height="38" Offset="0x6F70"/>
        <Texture Name="gWorldMapAreaBox3Tex" OutName="world_map_area_box_3" Format="ia4" Width="32" Height="17" Offset="0x7300"/>
        <Texture Name="gWorldMapAreaBox4Tex" OutName="world_map_area_box_4" Format="ia4" Width="32" Height="13" Offset="0x7410"/>
        <Texture Name="gWorldMapAreaBox5Tex" OutName="world_map_area_box_5" Format="ia4" Width="32" Height="26" Offset="0x74E0"/>
        <Texture Name="gWorldMapAreaBox6Tex" OutName="world_map_area_box_6" Format="ia4" Width="48" Height="19" Offset="0x7680"/>
        <Texture Name="gWorldMapAreaBox7Tex" OutName="world_map_area_box_7" Format="ia4" Width="96" Height="59" Offset="0x7848"/>
        <Texture Name="gWorldMapAreaBox8Tex" OutName="world_map_area_box_8" Format="ia4" Width="16" Height="16" Offset="0x8358"/>
        <Texture Name="gWorldMapArrowTex" OutName="world_map_arrow" Format="ia8" Width="8" Height="8" Offset="0x83D8"/>
        <Texture Name="gWorldMapCloud1Tex" OutName="world_map_cloud_1" Format="i4" Width="64" Height="60" Offset="0x8418"/>
        <Texture Name="gWorldMapCloud2Tex" OutName="world_map_cloud_2" Format="i4" Width="48" Height="45" Offset="0x8B98"/>
        <Texture Name="gWorldMapCloud3Tex" OutName="world_map_cloud_3" Format="i4" Width="48" Height="32" Offset="0x8FD0"/>
        <Texture Name="gWorldMapCloud4Tex" OutName="world_map_cloud_4" Format="i4" Width="48" Height="49" Offset="0x92D0"/>
        <Texture Name="gWorldMapCloud5Tex" OutName="world_map_cloud_5" Format="i4" Width="48" Height="21" Offset="0x9768"/>
        <Texture Name="gWorldMapCloud6Tex" OutName="world_map_cloud_6" Format="i4" Width="32" Height="22" Offset="0x9960"/>
        <Texture Name="gWorldMapCloud7Tex" OutName="world_map_cloud_7" Format="i4" Width="64" Height="26" Offset="0x9AC0"/>
        <Texture Name="gWorldMapCloud8Tex" OutName="world_map_cloud_8" Format="i4" Width="32" Height="14" Offset="0x9E00"/>
        <Texture Name="gWorldMapCloud9Tex" OutName="world_map_cloud_9" Format="i4" Width="48" Height="27" Offset="0x9EE0"/>
        <Texture Name="gWorldMapCloud10Tex" OutName="world_map_cloud_10" Format="i4" Width="32" Height="19" Offset="0xA168"/>
        <Texture Name="gWorldMapCloud11Tex" OutName="world_map_cloud_11" Format="i4" Width="32" Height="20" Offset="0xA298"/>
        <Texture Name="gWorldMapCloud12Tex" OutName="world_map_cloud_12" Format="i4" Width="32" Height="19" Offset="0xA3D8"/>
        <Texture Name="gWorldMapCloud13Tex" OutName="world_map_cloud_13" Format="i4" Width="48" Height="22" Offset="0xA508"/>
        <Texture Name="gWorldMapCloud14Tex" OutName="world_map_cloud_14" Format="i4" Width="32" Height="13" Offset="0xA718"/>
        <Texture Name="gWorldMapCloud15Tex" OutName="world_map_cloud_15" Format="i4" Width="112" Height="72" Offset="0xA7E8"/>
        <Texture Name="gWorldMapCloud16Tex" OutName="world_map_cloud_16" Format="i4" Width="32" Height="24" Offset="0xB7A8"/>
    </File>
</Root>
