<Root>
     <File Name="item_name_static" Segment="10">
        <Texture Name="gDekuStickItemNameENGTex" OutName="deku_stick_item_name_eng" Format="ia4" Width="128" Height="16" Offset="0x0"/>
        <Texture Name="gDekuNutItemNameENGTex" OutName="deku_nut_item_name_eng" Format="ia4" Width="128" Height="16" Offset="0x400"/>
        <Texture Name="gBombItemNameENGTex" OutName="bomb_item_name_eng" Format="ia4" Width="128" Height="16" Offset="0x800"/>
        <Texture Name="gFairyBowItemNameENGTex" OutName="fairy_bow_item_name_eng" Format="ia4" Width="128" Height="16" Offset="0xC00"/>
        <Texture Name="gFireArrowItemNameENGTex" OutName="fire_arrow_item_name_eng" Format="ia4" Width="128" Height="16" Offset="0x1000"/>
        <Texture Name="gDinsFireItemNameENGTex" OutName="dins_fire_item_name_eng" Format="ia4" Width="128" Height="16" Offset="0x1400"/>
        <Texture Name="gFairySlingshotItemNameENGTex" OutName="fairy_slingshot_item_name_eng" Format="ia4" Width="128" Height="16" Offset="0x1800"/>
        <Texture Name="gFairyOcarinaItemNameENGTex" OutName="fairy_ocarina_item_name_eng" Format="ia4" Width="128" Height="16" Offset="0x1C00"/>
        <Texture Name="gOcarinaOfTimeItemNameENGTex" OutName="ocarina_of_time_item_name_eng" Format="ia4" Width="128" Height="16" Offset="0x2000"/>
        <Texture Name="gBombchuItemNameENGTex" OutName="bombchu_item_name_eng" Format="ia4" Width="128" Height="16" Offset="0x2400"/>
        <Texture Name="gHookshotItemNameENGTex" OutName="hookshot_item_name_eng" Format="ia4" Width="128" Height="16" Offset="0x2800"/>
        <Texture Name="gLongshotItemNameENGTex" OutName="longshot_item_name_eng" Format="ia4" Width="128" Height="16" Offset="0x2C00"/>
        <Texture Name="gIceArrowItemNameENGTex" OutName="icearrow_item_name_eng" Format="ia4" Width="128" Height="16" Offset="0x3000"/>
        <Texture Name="gFaroresWindItemNameENGTex" OutName="farores_wind_item_name_eng" Format="ia4" Width="128" Height="16" Offset="0x3400"/>
        <Texture Name="gBoomerangItemNameENGTex" OutName="boomerang_item_name_eng" Format="ia4" Width="128" Height="16" Offset="0x3800"/>
        <Texture Name="gLensItemNameENGTex" OutName="lens_item_name_eng" Format="ia4" Width="128" Height="16" Offset="0x3C00"/>
        <Texture Name="gMagicBeansItemNameENGTex" OutName="magic_beans_item_name_eng" Format="ia4" Width="128" Height="16" Offset="0x4000"/>
        <Texture Name="gMegatonHammerItemNameENGTex" OutName="megaton_hammer_item_name_eng" Format="ia4" Width="128" Height="16" Offset="0x4400"/>
        <Texture Name="gLightArrowItemNameENGTex" OutName="light_arrow_item_name_eng" Format="ia4" Width="128" Height="16" Offset="0x4800"/>
        <Texture Name="gNayrusLoveItemNameENGTex" OutName="nayrus_love_item_name_eng" Format="ia4" Width="128" Height="16" Offset="0x4C00"/>
        <Texture Name="gEmptyBottleItemNameENGTex" OutName="empty_bottle_item_name_eng" Format="ia4" Width="128" Height="16" Offset="0x5000"/>
        <Texture Name="gRedPotionItemNameENGTex" OutName="red_potion_item_name_eng" Format="ia4" Width="128" Height="16" Offset="0x5400"/>
        <Texture Name="gGreenPotionItemNameENGTex" OutName="green_potion_item_name_eng" Format="ia4" Width="128" Height="16" Offset="0x5800"/>
        <Texture Name="gBluePotionItemNameENGTex" OutName="blue_potion_item_name_eng" Format="ia4" Width="128" Height="16" Offset="0x5C00"/>
        <Texture Name="gBottledFairyItemNameENGTex" OutName="bottled_fairy_item_name_eng" Format="ia4" Width="128" Height="16" Offset="0x6000"/>
        <Texture Name="gFishItemNameENGTex" OutName="fish_item_name_eng" Format="ia4" Width="128" Height="16" Offset="0x6400"/>
        <Texture Name="gFullMilkItemNameENGTex" OutName="full_milk_item_name_eng" Format="ia4" Width="128" Height="16" Offset="0x6800"/>
        <Texture Name="gRutosLetterItemNameENGTex" OutName="rutos_letter_item_name_eng" Format="ia4" Width="128" Height="16" Offset="0x6C00"/>
        <Texture Name="gBlueFireItemNameENGTex" OutName="blue_fire_item_name_eng" Format="ia4" Width="128" Height="16" Offset="0x7000"/>
        <Texture Name="gBugItemNameENGTex" OutName="bug_item_name_eng" Format="ia4" Width="128" Height="16" Offset="0x7400"/>
        <Texture Name="gBigPoeItemNameENGTex" OutName="big_poe_item_name_eng" Format="ia4" Width="128" Height="16" Offset="0x7800"/>
        <Texture Name="gHalfMilkItemNameENGTex" OutName="half_milk_item_name_eng" Format="ia4" Width="128" Height="16" Offset="0x7C00"/>
        <Texture Name="gPoeItemNameENGTex" OutName="poe_item_name_eng" Format="ia4" Width="128" Height="16" Offset="0x8000"/>
        <Texture Name="gWeirdEggItemNameENGTex" OutName="weird_egg_item_name_eng" Format="ia4" Width="128" Height="16" Offset="0x8400"/>
        <Texture Name="gCuccoItemNameENGTex" OutName="cucco_item_name_eng" Format="ia4" Width="128" Height="16" Offset="0x8800"/>
        <Texture Name="gZeldasLetterItemNameENGTex" OutName="zeldas_letter_item_name_eng" Format="ia4" Width="128" Height="16" Offset="0x8C00"/>
        <Texture Name="gKeatonMaskItemNameENGTex" OutName="keaton_mask_item_name_eng" Format="ia4" Width="128" Height="16" Offset="0x9000"/>
        <Texture Name="gSkullMaskItemNameENGTex" OutName="skull_mask_item_name_eng" Format="ia4" Width="128" Height="16" Offset="0x9400"/>
        <Texture Name="gSpookyMaskItemNameENGTex" OutName="spooky_mask_item_name_eng" Format="ia4" Width="128" Height="16" Offset="0x9800"/>
        <Texture Name="gBunnyHoodItemNameENGTex" OutName="bunny_hood_item_name_eng" Format="ia4" Width="128" Height="16" Offset="0x9C00"/>
        <Texture Name="gGoronMaskItemNameENGTex" OutName="goron_mask_item_name_eng" Format="ia4" Width="128" Height="16" Offset="0xA000"/>
        <Texture Name="gZoraMaskItemNameENGTex" OutName="zora_mask_item_name_eng" Format="ia4" Width="128" Height="16" Offset="0xA400"/>
        <Texture Name="gGerudoMaskItemNameENGTex" OutName="gerudo_mask_item_name_eng" Format="ia4" Width="128" Height="16" Offset="0xA800"/>
        <Texture Name="gMaskofTruthItemNameENGTex" OutName="mask_of_truth_item_name_eng" Format="ia4" Width="128" Height="16" Offset="0xAC00"/>
        <Texture Name="gSOLDOUTItemNameENGTex" OutName="sold_out_item_name_eng" Format="ia4" Width="128" Height="16" Offset="0xB000"/>
        <Texture Name="gPocketEggItemNameENGTex" OutName="pocket_egg_item_name_eng" Format="ia4" Width="128" Height="16" Offset="0xB400"/>
        <Texture Name="gPocketCuccoItemNameENGTex" OutName="pocket_cucco_item_name_eng" Format="ia4" Width="128" Height="16" Offset="0xB800"/>
        <Texture Name="gCojiroItemNameENGTex" OutName="cojiro_item_name_eng" Format="ia4" Width="128" Height="16" Offset="0xBC00"/>
        <Texture Name="gOddMushroomItemNameENGTex" OutName="odd_mushroom_item_name_eng" Format="ia4" Width="128" Height="16" Offset="0xC000"/>
        <Texture Name="gOddPotionItemNameENGTex" OutName="odd_potion_item_name_eng" Format="ia4" Width="128" Height="16" Offset="0xC400"/>
        <Texture Name="gPoachersSawItemNameENGTex" OutName="poachers_saw_item_name_eng" Format="ia4" Width="128" Height="16" Offset="0xC800"/>
        <Texture Name="gBrokenGoronsSwordItemNameENGTex" OutName="broken_gorons_sword_item_name_eng" Format="ia4" Width="128" Height="16" Offset="0xCC00"/>
        <Texture Name="gPrescriptionItemNameENGTex" OutName="prescription_item_name_eng" Format="ia4" Width="128" Height="16" Offset="0xD000"/>
        <Texture Name="gEyeBallFrogItemNameENGTex" OutName="eyeball_frog_item_name_eng" Format="ia4" Width="128" Height="16" Offset="0xD400"/>
        <Texture Name="gEyeDropsItemNameENGTex" OutName="eyedrops_item_name_eng" Format="ia4" Width="128" Height="16" Offset="0xD800"/>
        <Texture Name="gClaimCheckItemNameENGTex" OutName="claim_check_item_name_eng" Format="ia4" Width="128" Height="16" Offset="0xDC00"/>
        <Texture Name="gUnusedWindMedallionItemName1JPNTex" OutName="wind_medallion_item_name_unused_jpn_1" Format="ia4" Width="128" Height="16" Offset="0xE000"/>
        <Texture Name="gUnusedFireMedallionItemName1JPNTex" OutName="fire_medallion_item_name_unused_jpn_1" Format="ia4" Width="128" Height="16" Offset="0xE400"/>
        <Texture Name="gUnusedIceMedallionItemName1JPNTex" OutName="ice_medallion_item_name_unused_jpn_1" Format="ia4" Width="128" Height="16" Offset="0xE800"/>
        <Texture Name="gKokiriSwordItemNameENGTex" OutName="kokiri_sword_item_name_eng" Format="ia4" Width="128" Height="16" Offset="0xEC00"/>
        <Texture Name="gMasterSwordItemNameENGTex" OutName="master_sword_item_name_eng" Format="ia4" Width="128" Height="16" Offset="0xF000"/>
        <Texture Name="gGiantsKnifeItemNameENGTex" OutName="giants_knife_item_name_eng" Format="ia4" Width="128" Height="16" Offset="0xF400"/>
        <Texture Name="gDekuShieldItemNameENGTex" OutName="deku_shield_item_name_eng" Format="ia4" Width="128" Height="16" Offset="0xF800"/>
        <Texture Name="gHylianShieldItemNameENGTex" OutName="hylian_shield_item_name_eng" Format="ia4" Width="128" Height="16" Offset="0xFC00"/>
        <Texture Name="gMirrorShieldItemNameENGTex" OutName="mirror_shield_item_name_eng" Format="ia4" Width="128" Height="16" Offset="0x10000"/>
        <Texture Name="gKokiriTunicItemNameENGTex" OutName="kokiri_tunic_item_name_eng" Format="ia4" Width="128" Height="16" Offset="0x10400"/>
        <Texture Name="gGoronTunicItemNameENGTex" OutName="goron_tunic_item_name_eng" Format="ia4" Width="128" Height="16" Offset="0x10800"/>
        <Texture Name="gZoraTunicItemNameENGTex" OutName="zora_tunic_item_name_eng" Format="ia4" Width="128" Height="16" Offset="0x10C00"/>
        <Texture Name="gKokiriBootsItemNameENGTex" OutName="kokiri_boots_item_name_eng" Format="ia4" Width="128" Height="16" Offset="0x11000"/>
        <Texture Name="gIronBootsItemNameENGTex" OutName="iron_boots_item_name_eng" Format="ia4" Width="128" Height="16" Offset="0x11400"/>
        <Texture Name="gHoverBootsItemNameENGTex" OutName="hover_boots_item_name_eng" Format="ia4" Width="128" Height="16" Offset="0x11800"/>
        <Texture Name="gBulletBag30ItemNameENGTex" OutName="bullet_bag_30_item_name_eng" Format="ia4" Width="128" Height="16" Offset="0x11C00"/>
        <Texture Name="gBulletBag40ItemNameENGTex" OutName="bullet_bag_40_item_name_eng" Format="ia4" Width="128" Height="16" Offset="0x12000"/>
        <Texture Name="gBulletBag50ItemNameENGTex" OutName="bullet_bag_50_item_name_eng" Format="ia4" Width="128" Height="16" Offset="0x12400"/>
        <Texture Name="gQuiver30ItemNameENGTex" OutName="quiver_30_item_name_eng" Format="ia4" Width="128" Height="16" Offset="0x12800"/>
        <Texture Name="gQuiver40ItemNameENGTex" OutName="quiver_40_item_name_eng" Format="ia4" Width="128" Height="16" Offset="0x12C00"/>
        <Texture Name="gQuiver50ItemNameENGTex" OutName="quiver_50_item_name_eng" Format="ia4" Width="128" Height="16" Offset="0x13000"/>
        <Texture Name="gBombBag20ItemNameENGTex" OutName="bomb_bag_20_item_name_eng" Format="ia4" Width="128" Height="16" Offset="0x13400"/>
        <Texture Name="gBombBag30ItemNameENGTex" OutName="bomb_bag_30_item_name_eng" Format="ia4" Width="128" Height="16" Offset="0x13800"/>
        <Texture Name="gBombBag40ItemNameENGTex" OutName="bomb_bag_40_item_name_eng" Format="ia4" Width="128" Height="16" Offset="0x13C00"/>
        <Texture Name="gGoronsBraceletItemNameENGTex" OutName="gorons_bracelet_item_name_eng" Format="ia4" Width="128" Height="16" Offset="0x14000"/>
        <Texture Name="gSilverGauntletsItemNameENGTex" OutName="silver_gauntlets_item_name_eng" Format="ia4" Width="128" Height="16" Offset="0x14400"/>
        <Texture Name="gGoldenGauntletsItemNameENGTex" OutName="golden_gauntlets_item_name_eng" Format="ia4" Width="128" Height="16" Offset="0x14800"/>
        <Texture Name="gSilverScaleItemNameENGTex" OutName="silver_scale_item_name_eng" Format="ia4" Width="128" Height="16" Offset="0x14C00"/>
        <Texture Name="gGoldenScaleItemNameENGTex" OutName="golden_scale_item_name_eng" Format="ia4" Width="128" Height="16" Offset="0x15000"/>
        <Texture Name="gBrokenGiantsKnifeItemNameENGTex" OutName="broken_giants_knife_item_name_eng" Format="ia4" Width="128" Height="16" Offset="0x15400"/>
        <Texture Name="gUnusedBossKeyItemName1JPNTex" OutName="boss_key_item_name_unused_jpn_1" Format="ia4" Width="128" Height="16" Offset="0x15800"/>
        <Texture Name="gUnusedBossKeyItemName2JPNTex" OutName="boss_key_item_name_unused_jpn_2" Format="ia4" Width="128" Height="16" Offset="0x15C00"/>
        <Texture Name="gUnusedBossKeyItemName3JPNTex" OutName="boss_key_item_name_unused_jpn_3" Format="ia4" Width="128" Height="16" Offset="0x16000"/>
        <Texture Name="gUnusedBossKeyItemName4JPNTex" OutName="boss_key_item_name_unused_jpn_4" Format="ia4" Width="128" Height="16" Offset="0x16400"/>
        <Texture Name="gMinuetOfForestItemNameENGTex" OutName="minuet_of_forest_item_name_eng" Format="ia4" Width="128" Height="16" Offset="0x16800"/>
        <Texture Name="gBoleroOfFireItemNameENGTex" OutName="bolero_of_fire_item_name_eng" Format="ia4" Width="128" Height="16" Offset="0x16C00"/>
        <Texture Name="gSerenadeOfWaterItemNameENGTex" OutName="serenade_of_water_item_name_eng" Format="ia4" Width="128" Height="16" Offset="0x17000"/>
        <Texture Name="gRequiemOfSpiritItemNameENGTex" OutName="requiem_of_spirit_item_name_eng" Format="ia4" Width="128" Height="16" Offset="0x17400"/>
        <Texture Name="gNocturneOfShadowItemNameENGTex" OutName="nocturne_of_shadow_item_name_eng" Format="ia4" Width="128" Height="16" Offset="0x17800"/>
        <Texture Name="gPreludeOfLightItemNameENGTex" OutName="prelude_of_light_item_name_eng" Format="ia4" Width="128" Height="16" Offset="0x17C00"/>
        <Texture Name="gZeldasLullabyItemNameENGTex" OutName="zeldas_lullaby_item_name_eng" Format="ia4" Width="128" Height="16" Offset="0x18000"/>
        <Texture Name="gEponasSongItemNameENGTex" OutName="eponas_song_item_name_eng" Format="ia4" Width="128" Height="16" Offset="0x18400"/>
        <Texture Name="gSariasSongItemNameENGTex" OutName="sarias_song_item_name_eng" Format="ia4" Width="128" Height="16" Offset="0x18800"/>
        <Texture Name="gSunsSongItemNameENGTex" OutName="suns_song_item_name_eng" Format="ia4" Width="128" Height="16" Offset="0x18C00"/>
        <Texture Name="gSongOfTimeItemNameENGTex" OutName="song_of_time_item_name_eng" Format="ia4" Width="128" Height="16" Offset="0x19000"/>
        <Texture Name="gSongOfStormsItemNameENGTex" OutName="song_of_storms_item_name_eng" Format="ia4" Width="128" Height="16" Offset="0x19400"/>
        <Texture Name="gForestMedallionItemNameENGTex" OutName="forest_medallion_item_name_eng" Format="ia4" Width="128" Height="16" Offset="0x19800"/>
        <Texture Name="gFireMedallionItemNameENGTex" OutName="fire_medallion_item_name_eng" Format="ia4" Width="128" Height="16" Offset="0x19C00"/>
        <Texture Name="gWaterMedallionItemNameENGTex" OutName="water_medallion_item_name_eng" Format="ia4" Width="128" Height="16" Offset="0x1A000"/>
        <Texture Name="gSpiritMedallionItemNameENGTex" OutName="spirit_medallion_item_name_eng" Format="ia4" Width="128" Height="16" Offset="0x1A400"/>
        <Texture Name="gShadowMedallionItemNameENGTex" OutName="shadow_medallion_item_name_eng" Format="ia4" Width="128" Height="16" Offset="0x1A800"/>
        <Texture Name="gLightMedallionItemNameENGTex" OutName="light_medallion_item_name_eng" Format="ia4" Width="128" Height="16" Offset="0x1AC00"/>
        <Texture Name="gKokiriEmeraldItemNameENGTex" OutName="kokiri_emerald_item_name_eng" Format="ia4" Width="128" Height="16" Offset="0x1B000"/>
        <Texture Name="gGoronsRubyItemNameENGTex" OutName="gorons_ruby_item_name_eng" Format="ia4" Width="128" Height="16" Offset="0x1B400"/>
        <Texture Name="gZorasSapphireItemNameENGTex" OutName="zoras_sapphire_item_name_eng" Format="ia4" Width="128" Height="16" Offset="0x1B800"/>
        <Texture Name="gStoneofAgonyItemNameENGTex" OutName="stone_of_agony_item_name_eng" Format="ia4" Width="128" Height="16" Offset="0x1BC00"/>
        <Texture Name="gGerudosCardItemNameENGTex" OutName="gerudos_card_item_name_eng" Format="ia4" Width="128" Height="16" Offset="0x1C000"/>
        <Texture Name="gGoldSkulltulaItemNameENGTex" OutName="gold_skulltula_item_name_eng" Format="ia4" Width="128" Height="16" Offset="0x1C400"/>
        <Texture Name="gPieceOfHeartItemNameENGTex" OutName="piece_of_heart_item_name_eng" Format="ia4" Width="128" Height="16" Offset="0x1C800"/>
        <Texture Name="gUnusedPieceOfHeartItemName1JPNTex" OutName="piece_of_heart_item_name_unused_jpn_1" Format="ia4" Width="128" Height="16" Offset="0x1CC00"/>
        <Texture Name="gUnusedBigKeyItemNameENGTex" OutName="bigkey_item_name_unused_eng" Format="ia4" Width="128" Height="16" Offset="0x1D000"/>
        <Texture Name="gCompassItemNameENGTex" OutName="compass_item_name_eng" Format="ia4" Width="128" Height="16" Offset="0x1D400"/>
        <Texture Name="gDungeonMapItemNameENGTex" OutName="dungeon_map_item_name_eng" Format="ia4" Width="128" Height="16" Offset="0x1D800"/>
        <Texture Name="gUnusedBossKeyItemName5JPNTex" OutName="boss_key_item_name_unused_jpn_5" Format="ia4" Width="128" Height="16" Offset="0x1DC00"/>
        <Texture Name="gUnusedBossKeyItemName6JPNTex" OutName="boss_key_item_name_unused_jpn_6" Format="ia4" Width="128" Height="16" Offset="0x1E000"/>
        <Texture Name="gUnusedBossKeyItemName7JPNTex" OutName="boss_key_item_name_unused_jpn_7" Format="ia4" Width="128" Height="16" Offset="0x1E400"/>
        <Texture Name="gBiggoronsSwordItemNameENGTex" OutName="biggorons_sword_item_name_eng" Format="ia4" Width="128" Height="16" Offset="0x1E800"/>
        <Texture Name="gDekuStickItemNameGERTex" OutName="deku_stick_item_name_ger" Format="ia4" Width="128" Height="16" Offset="0x1EC00"/>
        <Texture Name="gDekuNutItemNameGERTex" OutName="dekunut_item_name_ger" Format="ia4" Width="128" Height="16" Offset="0x1F000"/>
        <Texture Name="gBombItemNameItemNameGERTex" OutName="bomb_item_name_item_name_ger" Format="ia4" Width="128" Height="16" Offset="0x1F400"/>
        <Texture Name="gFairyBowItemNameGERTex" OutName="fairy_bow_item_name_ger" Format="ia4" Width="128" Height="16" Offset="0x1F800"/>
        <Texture Name="gFireArrowItemNameUnk2GERTex" OutName="fire_arrow_item_name_unk2_ger" Format="ia4" Width="128" Height="16" Offset="0x1FC00"/>
        <Texture Name="gDinsFireItemNameGERTex" OutName="dins_fire_item_name_ger" Format="ia4" Width="128" Height="16" Offset="0x20000"/>
        <Texture Name="gFairySlingshotItemNameGERTex" OutName="fairy_slingshot_item_name_ger" Format="ia4" Width="128" Height="16" Offset="0x20400"/>
        <Texture Name="gFairyOcarinaItemNameGERTex" OutName="fairy_ocarina_item_name_ger" Format="ia4" Width="128" Height="16" Offset="0x20800"/>
        <Texture Name="gOcarinaOfTimeItemNameGERTex" OutName="ocarina_of_time_item_name_ger" Format="ia4" Width="128" Height="16" Offset="0x20C00"/>
        <Texture Name="gBombchuItemNameGERTex" OutName="bombchu_item_name_ger" Format="ia4" Width="128" Height="16" Offset="0x21000"/>
        <Texture Name="gHookshotItemNameGERTex" OutName="hookshot_item_name_ger" Format="ia4" Width="128" Height="16" Offset="0x21400"/>
        <Texture Name="gLongshotItemNameGERTex" OutName="longshot_item_name_ger" Format="ia4" Width="128" Height="16" Offset="0x21800"/>
        <Texture Name="gIceArrowItemNameGERTex" OutName="icearrow_item_name_ger" Format="ia4" Width="128" Height="16" Offset="0x21C00"/>
        <Texture Name="gFaroresWindItemNameGERTex" OutName="farores_wind_item_name_ger" Format="ia4" Width="128" Height="16" Offset="0x22000"/>
        <Texture Name="gBoomerangItemNameGERTex" OutName="boomerang_item_name_ger" Format="ia4" Width="128" Height="16" Offset="0x22400"/>
        <Texture Name="gLensItemNameGERTex" OutName="lens_item_name_ger" Format="ia4" Width="128" Height="16" Offset="0x22800"/>
        <Texture Name="gMagicBeansItemNameGERTex" OutName="magic_beans_item_name_ger" Format="ia4" Width="128" Height="16" Offset="0x22C00"/>
        <Texture Name="gMegatonHammerItemNameGERTex" OutName="megaton_hammer_item_name_ger" Format="ia4" Width="128" Height="16" Offset="0x23000"/>
        <Texture Name="gLightArrowItemNameGERTex" OutName="light_arrow_item_name_ger" Format="ia4" Width="128" Height="16" Offset="0x23400"/>
        <Texture Name="gNayrusLoveItemNameGERTex" OutName="nayrus_love_item_name_ger" Format="ia4" Width="128" Height="16" Offset="0x23800"/>
        <Texture Name="gEmptyBottleItemNameGERTex" OutName="empty_bottle_item_name_ger" Format="ia4" Width="128" Height="16" Offset="0x23C00"/>
        <Texture Name="gRedPotionItemNameGERTex" OutName="red_potion_item_name_ger" Format="ia4" Width="128" Height="16" Offset="0x24000"/>
        <Texture Name="gGreenPotionItemNameGERTex" OutName="green_potion_item_name_ger" Format="ia4" Width="128" Height="16" Offset="0x24400"/>
        <Texture Name="gBluePotionItemNameGERTex" OutName="blue_potion_item_name_ger" Format="ia4" Width="128" Height="16" Offset="0x24800"/>
        <Texture Name="gBottledFairyItemNameGERTex" OutName="bottled_fairy_item_name_ger" Format="ia4" Width="128" Height="16" Offset="0x24C00"/>
        <Texture Name="gFishItemNameGERTex" OutName="fish_item_name_ger" Format="ia4" Width="128" Height="16" Offset="0x25000"/>
        <Texture Name="gFullMilkItemNameGERTex" OutName="full_milk_item_name_ger" Format="ia4" Width="128" Height="16" Offset="0x25400"/>
        <Texture Name="gRutosLetterItemNameGERTex" OutName="rutos_letter_item_name_ger" Format="ia4" Width="128" Height="16" Offset="0x25800"/>
        <Texture Name="gBlueFireItemNameGERTex" OutName="blue_fire_item_name_ger" Format="ia4" Width="128" Height="16" Offset="0x25C00"/>
        <Texture Name="gBugItemNameGERTex" OutName="bug_item_name_ger" Format="ia4" Width="128" Height="16" Offset="0x26000"/>
        <Texture Name="gBigPoeItemNameGERTex" OutName="big_poe_item_name_ger" Format="ia4" Width="128" Height="16" Offset="0x26400"/>
        <Texture Name="gHalfMilkItemNameGERTex" OutName="half_milk_item_name_ger" Format="ia4" Width="128" Height="16" Offset="0x26800"/>
        <Texture Name="gPoeItemNameGERTex" OutName="poe_item_name_ger" Format="ia4" Width="128" Height="16" Offset="0x26C00"/>
        <Texture Name="gWeirdEggItemNameGERTex" OutName="weird_egg_item_name_ger" Format="ia4" Width="128" Height="16" Offset="0x27000"/>
        <Texture Name="gCuccoItemNameGERTex" OutName="cucco_item_name_ger" Format="ia4" Width="128" Height="16" Offset="0x27400"/>
        <Texture Name="gZeldasLetterItemNameGERTex" OutName="zeldas_letter_item_name_ger" Format="ia4" Width="128" Height="16" Offset="0x27800"/>
        <Texture Name="gKeatonMaskItemNameGERTex" OutName="keaton_mask_item_name_ger" Format="ia4" Width="128" Height="16" Offset="0x27C00"/>
        <Texture Name="gSkullMaskItemNameGERTex" OutName="skull_mask_item_name_ger" Format="ia4" Width="128" Height="16" Offset="0x28000"/>
        <Texture Name="gSpookyMaskItemNameGERTex" OutName="spooky_mask_item_name_ger" Format="ia4" Width="128" Height="16" Offset="0x28400"/>
        <Texture Name="gBunnyHoodItemNameGERTex" OutName="bunny_hood_item_name_ger" Format="ia4" Width="128" Height="16" Offset="0x28800"/>
        <Texture Name="gGoronMaskItemNameGERTex" OutName="goron_mask_item_name_ger" Format="ia4" Width="128" Height="16" Offset="0x28C00"/>
        <Texture Name="gZoraMaskItemNameGERTex" OutName="zora_mask_item_name_ger" Format="ia4" Width="128" Height="16" Offset="0x29000"/>
        <Texture Name="gGerudoMaskItemNameGERTex" OutName="gerudo_mask_item_name_ger" Format="ia4" Width="128" Height="16" Offset="0x29400"/>
        <Texture Name="gMaskofTruthItemNameGERTex" OutName="mask_of_truth_item_name_ger" Format="ia4" Width="128" Height="16" Offset="0x29800"/>
        <Texture Name="gSOLDOUTItemNameGERTex" OutName="sold_out_item_name_ger" Format="ia4" Width="128" Height="16" Offset="0x29C00"/>
        <Texture Name="gPocketEggItemNameGERTex" OutName="pocket_egg_item_name_ger" Format="ia4" Width="128" Height="16" Offset="0x2A000"/>
        <Texture Name="gPocketCuccoItemNameGERTex" OutName="pocket_cucco_item_name_ger" Format="ia4" Width="128" Height="16" Offset="0x2A400"/>
        <Texture Name="gCojiroItemNameGERTex" OutName="cojiro_item_name_ger" Format="ia4" Width="128" Height="16" Offset="0x2A800"/>
        <Texture Name="gOddMushroomItemNameGERTex" OutName="odd_mushroom_item_name_ger" Format="ia4" Width="128" Height="16" Offset="0x2AC00"/>
        <Texture Name="gOddPotionItemNameGERTex" OutName="odd_potion_item_name_ger" Format="ia4" Width="128" Height="16" Offset="0x2B000"/>
        <Texture Name="gPoachersSawItemNameGERTex" OutName="poachers_saw_item_name_ger" Format="ia4" Width="128" Height="16" Offset="0x2B400"/>
        <Texture Name="gBrokenGoronsSwordItemNameGERTex" OutName="broken_gorons_sword_item_name_ger" Format="ia4" Width="128" Height="16" Offset="0x2B800"/>
        <Texture Name="gPrescriptionItemNameGERTex" OutName="prescription_item_name_ger" Format="ia4" Width="128" Height="16" Offset="0x2BC00"/>
        <Texture Name="gEyeBallFrogItemNameGERTex" OutName="eyeball_frog_item_name_ger" Format="ia4" Width="128" Height="16" Offset="0x2C000"/>
        <Texture Name="gEyeDropsItemNameGERTex" OutName="eyedrops_item_name_ger" Format="ia4" Width="128" Height="16" Offset="0x2C400"/>
        <Texture Name="gClaimCheckItemNameGERTex" OutName="claim_check_item_name_ger" Format="ia4" Width="128" Height="16" Offset="0x2C800"/>
        <Texture Name="gUnusedWindMedallionItemName2JPNTex" OutName="wind_medallion_item_name_unused_jpn_2" Format="ia4" Width="128" Height="16" Offset="0x2CC00"/>
        <Texture Name="gUnusedFireMedallionItemName2JPNTex" OutName="fire_medallion_item_name_unused_jpn_2" Format="ia4" Width="128" Height="16" Offset="0x2D000"/>
        <Texture Name="gUnusedIceMedallionItemName2JPNTex" OutName="ice_medallion_item_name_unused_jpn_2" Format="ia4" Width="128" Height="16" Offset="0x2D400"/>
        <Texture Name="gKokiriSwordItemNameGERTex" OutName="kokiri_sword_item_name_ger" Format="ia4" Width="128" Height="16" Offset="0x2D800"/>
        <Texture Name="gMasterSwordItemNameGERTex" OutName="master_sword_item_name_ger" Format="ia4" Width="128" Height="16" Offset="0x2DC00"/>
        <Texture Name="gGiantsKnifeItemNameGERTex" OutName="giants_knife_item_name_ger" Format="ia4" Width="128" Height="16" Offset="0x2E000"/>
        <Texture Name="gDekuShieldItemNameGERTex" OutName="deku_shield_item_name_ger" Format="ia4" Width="128" Height="16" Offset="0x2E400"/>
        <Texture Name="gHylianShieldItemNameGERTex" OutName="hylian_shield_item_name_ger" Format="ia4" Width="128" Height="16" Offset="0x2E800"/>
        <Texture Name="gMirrorShieldItemNameGERTex" OutName="mirror_shield_item_name_ger" Format="ia4" Width="128" Height="16" Offset="0x2EC00"/>
        <Texture Name="gKokiriTunicItemNameGERTex" OutName="kokiri_tunic_item_name_ger" Format="ia4" Width="128" Height="16" Offset="0x2F000"/>
        <Texture Name="gGoronTunicItemNameGERTex" OutName="goron_tunic_item_name_ger" Format="ia4" Width="128" Height="16" Offset="0x2F400"/>
        <Texture Name="gZoraTunicItemNameGERTex" OutName="zora_tunic_item_name_ger" Format="ia4" Width="128" Height="16" Offset="0x2F800"/>
        <Texture Name="gKokiriBootsItemNameGERTex" OutName="kokiri_boots_item_name_ger" Format="ia4" Width="128" Height="16" Offset="0x2FC00"/>
        <Texture Name="gIronBootsItemNameGERTex" OutName="iron_boots_item_name_ger" Format="ia4" Width="128" Height="16" Offset="0x30000"/>
        <Texture Name="gHoverBootsItemNameGERTex" OutName="hover_boots_item_name_ger" Format="ia4" Width="128" Height="16" Offset="0x30400"/>
        <Texture Name="gBulletBag30ItemNameGERTex" OutName="bullet_bag_30_item_name_ger" Format="ia4" Width="128" Height="16" Offset="0x30800"/>
        <Texture Name="gBulletBag40ItemNameGERTex" OutName="bullet_bag_40_item_name_ger" Format="ia4" Width="128" Height="16" Offset="0x30C00"/>
        <Texture Name="gBulletBag50ItemNameGERTex" OutName="bullet_bag_50_item_name_ger" Format="ia4" Width="128" Height="16" Offset="0x31000"/>
        <Texture Name="gQuiver30ItemNameGERTex" OutName="quiver_30_item_name_ger" Format="ia4" Width="128" Height="16" Offset="0x31400"/>
        <Texture Name="gQuiver40ItemNameGERTex" OutName="quiver_40_item_name_ger" Format="ia4" Width="128" Height="16" Offset="0x31800"/>
        <Texture Name="gQuiver50ItemNameGERTex" OutName="quiver_50_item_name_ger" Format="ia4" Width="128" Height="16" Offset="0x31C00"/>
        <Texture Name="gBombBag20ItemNameGERTex" OutName="bomb_bag_20_item_name_ger" Format="ia4" Width="128" Height="16" Offset="0x32000"/>
        <Texture Name="gBombBag30ItemNameGERTex" OutName="bomb_bag_30_item_name_ger" Format="ia4" Width="128" Height="16" Offset="0x32400"/>
        <Texture Name="gBombBag40ItemNameGERTex" OutName="bomb_bag_40_item_name_ger" Format="ia4" Width="128" Height="16" Offset="0x32800"/>
        <Texture Name="gGoronsBraceletItemNameGERTex" OutName="gorons_bracelet_item_name_ger" Format="ia4" Width="128" Height="16" Offset="0x32C00"/>
        <Texture Name="gSilverGauntletsItemNameGERTex" OutName="silver_gauntlets_item_name_ger" Format="ia4" Width="128" Height="16" Offset="0x33000"/>
        <Texture Name="gGoldenGauntletsItemNameGERTex" OutName="golden_gauntlets_item_name_ger" Format="ia4" Width="128" Height="16" Offset="0x33400"/>
        <Texture Name="gSilverScaleItemNameGERTex" OutName="silver_scale_item_name_ger" Format="ia4" Width="128" Height="16" Offset="0x33800"/>
        <Texture Name="gGoldenScaleItemNameGERTex" OutName="golden_scale_item_name_ger" Format="ia4" Width="128" Height="16" Offset="0x33C00"/>
        <Texture Name="gBrokenGiantsKnifeItemNameGERTex" OutName="broken_giants_knife_item_name_ger" Format="ia4" Width="128" Height="16" Offset="0x34000"/>
        <Texture Name="gUnusedBossKeyItemName8JPNTex" OutName="boss_key_item_name_unused_jpn_8" Format="ia4" Width="128" Height="16" Offset="0x34400"/>
        <Texture Name="gUnusedBossKeyItemName9JPNTex" OutName="boss_key_item_name_unused_jpn_9" Format="ia4" Width="128" Height="16" Offset="0x34800"/>
        <Texture Name="gUnusedBossKeyItemName10JPNTex" OutName="boss_key_item_name_unused_jpn_10" Format="ia4" Width="128" Height="16" Offset="0x34C00"/>
        <Texture Name="gUnusedBossKeyItemName11JPNTex" OutName="boss_key_item_name_unused_jpn_11" Format="ia4" Width="128" Height="16" Offset="0x35000"/>
        <Texture Name="gMinuetOfForestItemNameGERTex" OutName="minuet_of_forest_item_name_ger" Format="ia4" Width="128" Height="16" Offset="0x35400"/>
        <Texture Name="gBoleroOfFireItemNameGERTex" OutName="bolero_of_fire_item_name_ger" Format="ia4" Width="128" Height="16" Offset="0x35800"/>
        <Texture Name="gSerenadeOfWaterItemNameGERTex" OutName="serenade_of_water_item_name_ger" Format="ia4" Width="128" Height="16" Offset="0x35C00"/>
        <Texture Name="gRequiemOfSpiritItemNameGERTex" OutName="requiem_of_spirit_item_name_ger" Format="ia4" Width="128" Height="16" Offset="0x36000"/>
        <Texture Name="gNocturneOfShadowItemNameGERTex" OutName="nocturne_of_shadow_item_name_ger" Format="ia4" Width="128" Height="16" Offset="0x36400"/>
        <Texture Name="gPreludeOfLightItemNameGERTex" OutName="prelude_of_light_item_name_ger" Format="ia4" Width="128" Height="16" Offset="0x36800"/>
        <Texture Name="gZeldasLullabyItemNameGERTex" OutName="zeldas_lullaby_item_name_ger" Format="ia4" Width="128" Height="16" Offset="0x36C00"/>
        <Texture Name="gEponasSongItemNameGERTex" OutName="eponas_song_item_name_ger" Format="ia4" Width="128" Height="16" Offset="0x37000"/>
        <Texture Name="gSariasSongItemNameGERTex" OutName="sarias_song_item_name_ger" Format="ia4" Width="128" Height="16" Offset="0x37400"/>
        <Texture Name="gSunsSongItemNameGERTex" OutName="suns_song_item_name_ger" Format="ia4" Width="128" Height="16" Offset="0x37800"/>
        <Texture Name="gSongOfTimeItemNameGERTex" OutName="song_of_time_item_name_ger" Format="ia4" Width="128" Height="16" Offset="0x37C00"/>
        <Texture Name="gSongOfStormsItemNameGERTex" OutName="song_of_storms_item_name_ger" Format="ia4" Width="128" Height="16" Offset="0x38000"/>
        <Texture Name="gForestMedallionItemNameGERTex" OutName="forest_medallion_item_name_ger" Format="ia4" Width="128" Height="16" Offset="0x38400"/>
        <Texture Name="gFireMedallionItemNameGERTex" OutName="fire_medallion_item_name_ger" Format="ia4" Width="128" Height="16" Offset="0x38800"/>
        <Texture Name="gWaterMedallionItemNameGERTex" OutName="water_medallion_item_name_ger" Format="ia4" Width="128" Height="16" Offset="0x38C00"/>
        <Texture Name="gSpiritMedallionItemNameGERTex" OutName="spirit_medallion_item_name_ger" Format="ia4" Width="128" Height="16" Offset="0x39000"/>
        <Texture Name="gShadowMedallionItemNameGERTex" OutName="shadow_medallion_item_name_ger" Format="ia4" Width="128" Height="16" Offset="0x39400"/>
        <Texture Name="gLightMedallionItemNameGERTex" OutName="light_medallion_item_name_ger" Format="ia4" Width="128" Height="16" Offset="0x39800"/>
        <Texture Name="gKokiriEmeraldItemNameGERTex" OutName="kokiri_emerald_item_name_ger" Format="ia4" Width="128" Height="16" Offset="0x39C00"/>
        <Texture Name="gGoronsRubyItemNameGERTex" OutName="gorons_ruby_item_name_ger" Format="ia4" Width="128" Height="16" Offset="0x3A000"/>
        <Texture Name="gZorasSapphireItemNameGERTex" OutName="zoras_sapphire_item_name_ger" Format="ia4" Width="128" Height="16" Offset="0x3A400"/>
        <Texture Name="gStoneofAgonyItemNameGERTex" OutName="stone_of_agony_item_name_ger" Format="ia4" Width="128" Height="16" Offset="0x3A800"/>
        <Texture Name="gGerudosCardItemNameGERTex" OutName="gerudos_card_item_name_ger" Format="ia4" Width="128" Height="16" Offset="0x3AC00"/>
        <Texture Name="gGoldSkulltulaItemNameGERTex" OutName="gold_skulltula_item_name_ger" Format="ia4" Width="128" Height="16" Offset="0x3B000"/>
        <Texture Name="gHeartContainerItemNameGERTex" OutName="heart_container_item_name_ger" Format="ia4" Width="128" Height="16" Offset="0x3B400"/>
        <Texture Name="gUnusedPieceOfHeartItemName2JPNTex" OutName="piece_of_heart_item_name_unused_jpn_2" Format="ia4" Width="128" Height="16" Offset="0x3B800"/>
        <Texture Name="gBigKeyItemNameGERTex" OutName="big_key_item_name_ger" Format="ia4" Width="128" Height="16" Offset="0x3BC00"/>
        <Texture Name="gCompassItemNameGERTex" OutName="compass_item_name_ger" Format="ia4" Width="128" Height="16" Offset="0x3C000"/>
        <Texture Name="gDungeonMapItemNameGERTex" OutName="dungeon_map_item_name_ger" Format="ia4" Width="128" Height="16" Offset="0x3C400"/>
        <Texture Name="gUnusedBossKeyItemName12JPNTex" OutName="boss_key_item_name_unused_jpn_12" Format="ia4" Width="128" Height="16" Offset="0x3C800"/>
        <Texture Name="gUnusedBossKeyItemName13JPNTex" OutName="boss_key_item_name_unused_jpn_13" Format="ia4" Width="128" Height="16" Offset="0x3CC00"/>
        <Texture Name="gUnusedBossKeyItemName14JPNTex" OutName="boss_key_item_name_unused_jpn_14" Format="ia4" Width="128" Height="16" Offset="0x3D000"/>
        <Texture Name="gBiggoronsSwordItemNameGERTex" OutName="biggorons_sword_item_name_ger" Format="ia4" Width="128" Height="16" Offset="0x3D400"/>
        <Texture Name="gDekuStickItemNameFRATex" OutName="deku_stick_item_name_fra" Format="ia4" Width="128" Height="16" Offset="0x3D800"/>
        <Texture Name="gDekuNutItemNameFRATex" OutName="deku_nut_item_name_fra" Format="ia4" Width="128" Height="16" Offset="0x3DC00"/>
        <Texture Name="gBombItemNameFRATex" OutName="bomb_item_name_fra" Format="ia4" Width="128" Height="16" Offset="0x3E000"/>
        <Texture Name="gFairyBowItemNameFRATex" OutName="fairy_bow_item_name_fra" Format="ia4" Width="128" Height="16" Offset="0x3E400"/>
        <Texture Name="gFireArrowItemNameFRATex" OutName="fire_arrow_item_name_fra" Format="ia4" Width="128" Height="16" Offset="0x3E800"/>
        <Texture Name="gDinsFireItemNameFRATex" OutName="dins_fire_item_name_fra" Format="ia4" Width="128" Height="16" Offset="0x3EC00"/>
        <Texture Name="gFairySlingshotItemNameFRATex" OutName="fairy_slingshot_item_name_fra" Format="ia4" Width="128" Height="16" Offset="0x3F000"/>
        <Texture Name="gFairyOcarinaItemNameFRATex" OutName="fairy_ocarina_item_name_fra" Format="ia4" Width="128" Height="16" Offset="0x3F400"/>
        <Texture Name="gOcarinaOfTimeItemNameFRATex" OutName="ocarina_of_time_item_name_fra" Format="ia4" Width="128" Height="16" Offset="0x3F800"/>
        <Texture Name="gBombchuItemNameFRATex" OutName="bombchu_item_name_fra" Format="ia4" Width="128" Height="16" Offset="0x3FC00"/>
        <Texture Name="gHookshotItemNameFRATex" OutName="hookshot_item_name_fra" Format="ia4" Width="128" Height="16" Offset="0x40000"/>
        <Texture Name="gLongshotItemNameFRATex" OutName="longshot_item_name_fra" Format="ia4" Width="128" Height="16" Offset="0x40400"/>
        <Texture Name="gIceArrowItemNameFRATex" OutName="ice_arrow_item_name_fra" Format="ia4" Width="128" Height="16" Offset="0x40800"/>
        <Texture Name="gFaroresWindItemNameFRATex" OutName="farores_wind_item_name_fra" Format="ia4" Width="128" Height="16" Offset="0x40C00"/>
        <Texture Name="gBoomerangItemNameFRATex" OutName="boomerang_item_name_fra" Format="ia4" Width="128" Height="16" Offset="0x41000"/>
        <Texture Name="gLensItemNameFRATex" OutName="lens_item_name_fra" Format="ia4" Width="128" Height="16" Offset="0x41400"/>
        <Texture Name="gMagicBeansItemNameFRATex" OutName="magic_beans_item_name_fra" Format="ia4" Width="128" Height="16" Offset="0x41800"/>
        <Texture Name="gMegatonHammerItemNameFRATex" OutName="megaton_hammer_item_name_fra" Format="ia4" Width="128" Height="16" Offset="0x41C00"/>
        <Texture Name="gLightArrowItemNameFRATex" OutName="light_arrow_item_name_fra" Format="ia4" Width="128" Height="16" Offset="0x42000"/>
        <Texture Name="gNayrusLoveItemNameFRATex" OutName="nayrus_love_item_name_fra" Format="ia4" Width="128" Height="16" Offset="0x42400"/>
        <Texture Name="gEmptyBottleItemNameFRATex" OutName="empty_bottle_item_name_fra" Format="ia4" Width="128" Height="16" Offset="0x42800"/>
        <Texture Name="gRedPotionItemNameFRATex" OutName="red_potion_item_name_fra" Format="ia4" Width="128" Height="16" Offset="0x42C00"/>
        <Texture Name="gGreenPotionItemNameFRATex" OutName="green_potion_item_name_fra" Format="ia4" Width="128" Height="16" Offset="0x43000"/>
        <Texture Name="gBluePotionItemNameFRATex" OutName="blue_potion_item_name_fra" Format="ia4" Width="128" Height="16" Offset="0x43400"/>
        <Texture Name="gBottledFairyItemNameFRATex" OutName="bottled_fairy_item_name_fra" Format="ia4" Width="128" Height="16" Offset="0x43800"/>
        <Texture Name="gFishItemNameFRATex" OutName="fish_item_name_fra" Format="ia4" Width="128" Height="16" Offset="0x43C00"/>
        <Texture Name="gFullMilkItemNameFRATex" OutName="full_milk_item_name_fra" Format="ia4" Width="128" Height="16" Offset="0x44000"/>
        <Texture Name="gRutosLetterItemNameFRATex" OutName="rutos_letter_item_name_fra" Format="ia4" Width="128" Height="16" Offset="0x44400"/>
        <Texture Name="gBlueFireItemNameFRATex" OutName="blue_fire_item_name_fra" Format="ia4" Width="128" Height="16" Offset="0x44800"/>
        <Texture Name="gBugItemNameFRATex" OutName="bug_item_name_fra" Format="ia4" Width="128" Height="16" Offset="0x44C00"/>
        <Texture Name="gBigPoeItemNameFRATex" OutName="big_poe_item_name_fra" Format="ia4" Width="128" Height="16" Offset="0x45000"/>
        <Texture Name="gHalfMilkItemNameFRATex" OutName="half_milk_item_name_fra" Format="ia4" Width="128" Height="16" Offset="0x45400"/>
        <Texture Name="gPoeItemNameFRATex" OutName="poe_item_name_fra" Format="ia4" Width="128" Height="16" Offset="0x45800"/>
        <Texture Name="gWeirdEggItemNameFRATex" OutName="weird_egg_item_name_fra" Format="ia4" Width="128" Height="16" Offset="0x45C00"/>
        <Texture Name="gCuccoItemNameFRATex" OutName="cucco_item_name_fra" Format="ia4" Width="128" Height="16" Offset="0x46000"/>
        <Texture Name="gZeldasLetterItemNameFRATex" OutName="zeldas_letter_item_name_fra" Format="ia4" Width="128" Height="16" Offset="0x46400"/>
        <Texture Name="gKeatonMaskItemNameFRATex" OutName="keaton_mask_item_name_fra" Format="ia4" Width="128" Height="16" Offset="0x46800"/>
        <Texture Name="gSkullMaskItemNameFRATex" OutName="skull_mask_item_name_fra" Format="ia4" Width="128" Height="16" Offset="0x46C00"/>
        <Texture Name="gSpookyMaskItemNameFRATex" OutName="spooky_mask_item_name_fra" Format="ia4" Width="128" Height="16" Offset="0x47000"/>
        <Texture Name="gBunnyHoodItemNameFRATex" OutName="bunny_hood_item_name_fra" Format="ia4" Width="128" Height="16" Offset="0x47400"/>
        <Texture Name="gGoronMaskItemNameFRATex" OutName="goron_mask_item_name_fra" Format="ia4" Width="128" Height="16" Offset="0x47800"/>
        <Texture Name="gZoraMaskItemNameFRATex" OutName="zora_mask_item_name_fra" Format="ia4" Width="128" Height="16" Offset="0x47C00"/>
        <Texture Name="gGerudoMaskItemNameFRATex" OutName="gerudo_mask_item_name_fra" Format="ia4" Width="128" Height="16" Offset="0x48000"/>
        <Texture Name="gMaskofTruthItemNameFRATex" OutName="mask_of_truth_item_name_fra" Format="ia4" Width="128" Height="16" Offset="0x48400"/>
        <Texture Name="gSOLDOUTItemNameFRATex" OutName="sold_out_item_name_fra" Format="ia4" Width="128" Height="16" Offset="0x48800"/>
        <Texture Name="gPocketEggItemNameFRATex" OutName="pocket_egg_item_name_fra" Format="ia4" Width="128" Height="16" Offset="0x48C00"/>
        <Texture Name="gPocketCuccoItemNameFRATex" OutName="pocket_cucco_item_name_fra" Format="ia4" Width="128" Height="16" Offset="0x49000"/>
        <Texture Name="gCojiroItemNameFRATex" OutName="cojiro_item_name_fra" Format="ia4" Width="128" Height="16" Offset="0x49400"/>
        <Texture Name="gOddMushroomItemNameFRATex" OutName="odd_mushroom_item_name_fra" Format="ia4" Width="128" Height="16" Offset="0x49800"/>
        <Texture Name="gOddPotionItemNameFRATex" OutName="odd_potion_item_name_fra" Format="ia4" Width="128" Height="16" Offset="0x49C00"/>
        <Texture Name="gPoachersSawItemNameFRATex" OutName="poachers_saw_item_name_fra" Format="ia4" Width="128" Height="16" Offset="0x4A000"/>
        <Texture Name="gBrokenGoronsSwordItemNameFRATex" OutName="broken_gorons_sword_item_name_fra" Format="ia4" Width="128" Height="16" Offset="0x4A400"/>
        <Texture Name="gPrescriptionItemNameFRATex" OutName="prescription_item_name_fra" Format="ia4" Width="128" Height="16" Offset="0x4A800"/>
        <Texture Name="gEyeBallFrogItemNameFRATex" OutName="eyeball_frog_item_name_fra" Format="ia4" Width="128" Height="16" Offset="0x4AC00"/>
        <Texture Name="gEyeDropsItemNameFRATex" OutName="eyedrops_item_name_fra" Format="ia4" Width="128" Height="16" Offset="0x4B000"/>
        <Texture Name="gClaimCheckItemNameFRATex" OutName="claim_check_item_name_fra" Format="ia4" Width="128" Height="16" Offset="0x4B400"/>
        <Texture Name="gUnusedWindMedallionItemName3JPNTex" OutName="wind_medallion_item_name_unused_jpn_3" Format="ia4" Width="128" Height="16" Offset="0x4B800"/>
        <Texture Name="gUnusedFireMedallionItemName3JPNTex" OutName="fire_medallion_item_name_unused_jpn_3" Format="ia4" Width="128" Height="16" Offset="0x4BC00"/>
        <Texture Name="gUnusedIceMedallionItemName3JPNTex" OutName="ice_medallion_item_name_unused_jpn_3" Format="ia4" Width="128" Height="16" Offset="0x4C000"/>
        <Texture Name="gKokiriSwordItemNameFRATex" OutName="kokiri_sword_item_name_fra" Format="ia4" Width="128" Height="16" Offset="0x4C400"/>
        <Texture Name="gMasterSwordItemNameFRATex" OutName="master_sword_item_name_fra" Format="ia4" Width="128" Height="16" Offset="0x4C800"/>
        <Texture Name="gGiantsKnifeItemNameFRATex" OutName="giants_knife_item_name_fra" Format="ia4" Width="128" Height="16" Offset="0x4CC00"/>
        <Texture Name="gDekuShieldItemNameFRATex" OutName="deku_shield_item_name_fra" Format="ia4" Width="128" Height="16" Offset="0x4D000"/>
        <Texture Name="gHylianShieldItemNameFRATex" OutName="hylian_shield_item_name_fra" Format="ia4" Width="128" Height="16" Offset="0x4D400"/>
        <Texture Name="gMirrorShieldItemNameFRATex" OutName="mirror_shield_item_name_fra" Format="ia4" Width="128" Height="16" Offset="0x4D800"/>
        <Texture Name="gKokiriTunicItemNameFRATex" OutName="kokiri_tunic_item_name_fra" Format="ia4" Width="128" Height="16" Offset="0x4DC00"/>
        <Texture Name="gGoronTunicItemNameFRATex" OutName="goron_tunic_item_name_fra" Format="ia4" Width="128" Height="16" Offset="0x4E000"/>
        <Texture Name="gZoraTunicItemNameFRATex" OutName="zora_tunic_item_name_fra" Format="ia4" Width="128" Height="16" Offset="0x4E400"/>
        <Texture Name="gKokiriBootsItemNameFRATex" OutName="kokiri_boots_item_name_fra" Format="ia4" Width="128" Height="16" Offset="0x4E800"/>
        <Texture Name="gIronBootsItemNameFRATex" OutName="iron_boots_item_name_fra" Format="ia4" Width="128" Height="16" Offset="0x4EC00"/>
        <Texture Name="gHoverBootsItemNameFRATex" OutName="hover_boots_item_name_fra" Format="ia4" Width="128" Height="16" Offset="0x4F000"/>
        <Texture Name="gBulletBag30ItemNameFRATex" OutName="bullet_bag_30_item_name_fra" Format="ia4" Width="128" Height="16" Offset="0x4F400"/>
        <Texture Name="gBulletBag40ItemNameFRATex" OutName="bullet_bag_40_item_name_fra" Format="ia4" Width="128" Height="16" Offset="0x4F800"/>
        <Texture Name="gBulletBag50ItemNameFRATex" OutName="bullet_bag_50_item_name_fra" Format="ia4" Width="128" Height="16" Offset="0x4FC00"/>
        <Texture Name="gQuiver30ItemNameFRATex" OutName="quiver_30_item_name_fra" Format="ia4" Width="128" Height="16" Offset="0x50000"/>
        <Texture Name="gQuiver40ItemNameFRATex" OutName="quiver_40_item_name_fra" Format="ia4" Width="128" Height="16" Offset="0x50400"/>
        <Texture Name="gQuiver50ItemNameFRATex" OutName="quiver_50_item_name_fra" Format="ia4" Width="128" Height="16" Offset="0x50800"/>
        <Texture Name="gBombBag20ItemNameFRATex" OutName="bomb_bag_20_item_name_fra" Format="ia4" Width="128" Height="16" Offset="0x50C00"/>
        <Texture Name="gBombBag30ItemNameFRATex" OutName="bomb_bag_30_item_name_fra" Format="ia4" Width="128" Height="16" Offset="0x51000"/>
        <Texture Name="gBombBag40ItemNameFRATex" OutName="bomb_bag_40_item_name_fra" Format="ia4" Width="128" Height="16" Offset="0x51400"/>
        <Texture Name="gGoronsBraceletItemNameFRATex" OutName="gorons_bracelet_item_name_fra" Format="ia4" Width="128" Height="16" Offset="0x51800"/>
        <Texture Name="gSilverGauntletsItemNameFRATex" OutName="silver_gauntlets_item_name_fra" Format="ia4" Width="128" Height="16" Offset="0x51C00"/>
        <Texture Name="gGoldenGauntletsItemNameFRATex" OutName="golden_gauntlets_item_name_fra" Format="ia4" Width="128" Height="16" Offset="0x52000"/>
        <Texture Name="gSilverScaleItemNameFRATex" OutName="silver_scale_item_name_fra" Format="ia4" Width="128" Height="16" Offset="0x52400"/>
        <Texture Name="gGoldenScaleItemNameFRATex" OutName="golden_scale_item_name_fra" Format="ia4" Width="128" Height="16" Offset="0x52800"/>
        <Texture Name="gBrokenGiantsKnifeItemNameFRATex" OutName="broken_giants_knife_item_name_fra" Format="ia4" Width="128" Height="16" Offset="0x52C00"/>
        <Texture Name="gUnusedBossKeyItemName15JPNTex" OutName="boss_key_item_name_unused_jpn_15" Format="ia4" Width="128" Height="16" Offset="0x53000"/>
        <Texture Name="gUnusedBossKeyItemName16JPNTex" OutName="boss_key_item_name_unused_jpn_16" Format="ia4" Width="128" Height="16" Offset="0x53400"/>
        <Texture Name="gUnusedBossKeyItemName17JPNTex" OutName="boss_key_item_name_unused_jpn_17" Format="ia4" Width="128" Height="16" Offset="0x53800"/>
        <Texture Name="gUnusedBossKeyItemName18JPNTex" OutName="boss_key_item_name_unused_jpn_18" Format="ia4" Width="128" Height="16" Offset="0x53C00"/>
        <Texture Name="gMinuetOfForestItemNameFRATex" OutName="minuet_of_forest_item_name_fra" Format="ia4" Width="128" Height="16" Offset="0x54000"/>
        <Texture Name="gBoleroOfFireItemNameFRATex" OutName="bolero_of_fire_item_name_fra" Format="ia4" Width="128" Height="16" Offset="0x54400"/>
        <Texture Name="gSerenadeOfWaterItemNameFRATex" OutName="serenade_of_water_item_name_fra" Format="ia4" Width="128" Height="16" Offset="0x54800"/>
        <Texture Name="gRequiemOfSpiritItemNameFRATex" OutName="requiem_of_spirit_item_name_fra" Format="ia4" Width="128" Height="16" Offset="0x54C00"/>
        <Texture Name="gNocturneOfShadowItemNameFRATex" OutName="nocturne_of_shadow_item_name_fra" Format="ia4" Width="128" Height="16" Offset="0x55000"/>
        <Texture Name="gPreludeOfLightItemNameFRATex" OutName="prelude_of_light_item_name_fra" Format="ia4" Width="128" Height="16" Offset="0x55400"/>
        <Texture Name="gZeldasLullabyItemNameFRATex" OutName="zeldas_lullaby_item_name_fra" Format="ia4" Width="128" Height="16" Offset="0x55800"/>
        <Texture Name="gEponasSongItemNameFRATex" OutName="eponas_song_item_name_fra" Format="ia4" Width="128" Height="16" Offset="0x55C00"/>
        <Texture Name="gSariasSongItemNameFRATex" OutName="sarias_song_item_name_fra" Format="ia4" Width="128" Height="16" Offset="0x56000"/>
        <Texture Name="gSunsSongItemNameFRATex" OutName="suns_song_item_name_fra" Format="ia4" Width="128" Height="16" Offset="0x56400"/>
        <Texture Name="gSongOfTimeItemNameFRATex" OutName="song_of_time_item_name_fra" Format="ia4" Width="128" Height="16" Offset="0x56800"/>
        <Texture Name="gSongOfStormsItemNameFRATex" OutName="song_of_storms_item_name_fra" Format="ia4" Width="128" Height="16" Offset="0x56C00"/>
        <Texture Name="gForestMedallionItemNameFRATex" OutName="forest_medallion_item_name_fra" Format="ia4" Width="128" Height="16" Offset="0x57000"/>
        <Texture Name="gFireMedallionItemNameFRATex" OutName="fire_medallion_item_name_fra" Format="ia4" Width="128" Height="16" Offset="0x57400"/>
        <Texture Name="gWaterMedallionItemNameFRATex" OutName="water_medallion_item_name_fra" Format="ia4" Width="128" Height="16" Offset="0x57800"/>
        <Texture Name="gSpiritMedallionItemNameFRATex" OutName="spirit_medallion_item_name_fra" Format="ia4" Width="128" Height="16" Offset="0x57C00"/>
        <Texture Name="gShadowMedallionItemNameFRATex" OutName="shadow_medallion_item_name_fra" Format="ia4" Width="128" Height="16" Offset="0x58000"/>
        <Texture Name="gLightMedallionItemNameFRATex" OutName="light_medallion_item_name_fra" Format="ia4" Width="128" Height="16" Offset="0x58400"/>
        <Texture Name="gKokiriEmeraldItemNameFRATex" OutName="kokiri_emerald_item_name_fra" Format="ia4" Width="128" Height="16" Offset="0x58800"/>
        <Texture Name="gGoronsRubyItemNameFRATex" OutName="gorons_ruby_item_name_fra" Format="ia4" Width="128" Height="16" Offset="0x58C00"/>
        <Texture Name="gZorasSapphireItemNameFRATex" OutName="zoras_sapphire_item_name_fra" Format="ia4" Width="128" Height="16" Offset="0x59000"/>
        <Texture Name="gStoneofAgonyItemNameFRATex" OutName="stone_of_agony_item_name_fra" Format="ia4" Width="128" Height="16" Offset="0x59400"/>
        <Texture Name="gGerudosCardItemNameFRATex" OutName="gerudos_card_item_name_fra" Format="ia4" Width="128" Height="16" Offset="0x59800"/>
        <Texture Name="gGoldSkulltulaItemNameFRATex" OutName="gold_skulltula_item_name_fra" Format="ia4" Width="128" Height="16" Offset="0x59C00"/>
        <Texture Name="gHeartContainerItemNameFRATex" OutName="heart_container_item_name_fra" Format="ia4" Width="128" Height="16" Offset="0x5A000"/>
        <Texture Name="gUnusedPieceOfHeartItemName3JPNTex" OutName="piece_of_heart_item_name_unused_jpn_3" Format="ia4" Width="128" Height="16" Offset="0x5A400"/>
        <Texture Name="gBossKeyItemNameFRATex" OutName="boss_key_item_name_fra" Format="ia4" Width="128" Height="16" Offset="0x5A800"/>
        <Texture Name="gCompassItemNameFRATex" OutName="compass_item_name_fra" Format="ia4" Width="128" Height="16" Offset="0x5AC00"/>
        <Texture Name="gDungeonMapItemNameFRATex" OutName="dungeon_map_item_name_fra" Format="ia4" Width="128" Height="16" Offset="0x5B000"/>
        <Texture Name="gUnusedBossKeyItemName19JPNTex" OutName="boss_key_item_name_unused_jpn_19" Format="ia4" Width="128" Height="16" Offset="0x5B400"/>
        <Texture Name="gUnusedBossKeyItemName20JPNTex" OutName="boss_key_item_name_unused_jpn_20" Format="ia4" Width="128" Height="16" Offset="0x5B800"/>
        <Texture Name="gUnusedBossKeyItemName21JPNTex" OutName="boss_key_item_name_unused_jpn_21" Format="ia4" Width="128" Height="16" Offset="0x5BC00"/>
        <Texture Name="gBiggoronsSwordItemNameFRATex" OutName="biggorons_sword_item_name_fra" Format="ia4" Width="128" Height="16" Offset="0x5C000"/>
    </File>
</Root>
