<Root>
     <File Name="map_name_static" Segment="11">
        <Texture Name="gHauntedWastelandPointNameENGTex" OutName="haunted_wasteland_point_name_eng" Format="ia4" Width="128" Height="16" Offset="0x0"/>
        <Texture Name="gGerudosFortressPointNameENGTex" OutName="gerudos_fortress_point_name_eng" Format="ia4" Width="128" Height="16" Offset="0x400"/>
        <Texture Name="gGerudoValleyPointNameENGTex" OutName="gerudo_valley_point_name_eng" Format="ia4" Width="128" Height="16" Offset="0x800"/>
        <Texture Name="gHyliaLakesidePointNameENGTex" OutName="hylia_lakeside_point_name_eng" Format="ia4" Width="128" Height="16" Offset="0xc00"/>
        <Texture Name="gLonLonRanchPointNameENGTex" OutName="lon_lon_ranch_point_name_eng" Format="ia4" Width="128" Height="16" Offset="0x1000"/>
        <Texture Name="gMarketPointNameENGTex" OutName="market_point_name_eng" Format="ia4" Width="128" Height="16" Offset="0x1400"/>
        <Texture Name="gHyruleFieldPointNameENGTex" OutName="hyrulefield_point_name_eng" Format="ia4" Width="128" Height="16" Offset="0x1800"/>
        <Texture Name="gDeathMountainPointNameENGTex" OutName="death_mountain_point_name_eng" Format="ia4" Width="128" Height="16" Offset="0x1c00"/>
        <Texture Name="gKakarikoVillagePointNameENGTex" OutName="kakariko_village_point_name_eng" Format="ia4" Width="128" Height="16" Offset="0x2000"/>
        <Texture Name="gLostWoodsPointNameENGTex" OutName="lost_woods_point_name_eng" Format="ia4" Width="128" Height="16" Offset="0x2400"/>
        <Texture Name="gKokiriForestPointNameENGTex" OutName="kokiri_forest_point_name_eng" Format="ia4" Width="128" Height="16" Offset="0x2800"/>
        <Texture Name="gZorasDomainPointNameENGTex" OutName="zoras_domain_point_name_eng" Format="ia4" Width="128" Height="16" Offset="0x2c00"/>
        <Texture Name="gHauntedWastelandPointNameGERTex" OutName="haunted_wasteland_point_name_ger" Format="ia4" Width="128" Height="16" Offset="0x3000"/>
        <Texture Name="gGerudosFortressPointNameGERTex" OutName="gerudos_fortress_point_name_ger" Format="ia4" Width="128" Height="16" Offset="0x3400"/>
        <Texture Name="gGerudoValleyPointNameGERTex" OutName="gerudo_valley_point_name_ger" Format="ia4" Width="128" Height="16" Offset="0x3800"/>
        <Texture Name="gHyliaLakesidePointNameGERTex" OutName="hylia_lakeside_point_name_ger" Format="ia4" Width="128" Height="16" Offset="0x3c00"/>
        <Texture Name="gLonLonRanchPointNameGERTex" OutName="lon_lon_ranch_point_name_ger" Format="ia4" Width="128" Height="16" Offset="0x4000"/>
        <Texture Name="gMarketPointNameGERTex" OutName="market_point_name_ger" Format="ia4" Width="128" Height="16" Offset="0x4400"/>
        <Texture Name="gHyruleFieldPointNameGERTex" OutName="hyrule_field_point_name_ger" Format="ia4" Width="128" Height="16" Offset="0x4800"/>
        <Texture Name="gDeathMountainPointNameGERTex" OutName="death_mountain_point_name_ger" Format="ia4" Width="128" Height="16" Offset="0x4c00"/>
        <Texture Name="gKakarikoVillagePointNameGERTex" OutName="kakariko_village_point_name_ger" Format="ia4" Width="128" Height="16" Offset="0x5000"/>
        <Texture Name="gLostWoodsPointNameGERTex" OutName="lost_woods_point_name_ger" Format="ia4" Width="128" Height="16" Offset="0x5400"/>
        <Texture Name="gKokiriForestPointNameGERTex" OutName="kokiri_forest_point_name_ger" Format="ia4" Width="128" Height="16" Offset="0x5800"/>
        <Texture Name="gZorasDomainPointNameGERTex" OutName="zoras_domain_point_name_ger" Format="ia4" Width="128" Height="16" Offset="0x5c00"/>
        <Texture Name="gHauntedWastelandPointNameFRATex" OutName="haunted_wasteland_point_name_fra" Format="ia4" Width="128" Height="16" Offset="0x6000"/>
        <Texture Name="gGerudosFortressPointNameFRATex" OutName="gerudos_fortress_point_name_fra" Format="ia4" Width="128" Height="16" Offset="0x6400"/>
        <Texture Name="gGerudoValleyPointNameFRATex" OutName="gerudo_valley_point_name_fra" Format="ia4" Width="128" Height="16" Offset="0x6800"/>
        <Texture Name="gHyliaLakesidePointNameFRATex" OutName="hylia_lakeside_point_name_fra" Format="ia4" Width="128" Height="16" Offset="0x6c00"/>
        <Texture Name="gLonLonRanchPointNameFRATex" OutName="lon_lon_ranch_point_name_fra" Format="ia4" Width="128" Height="16" Offset="0x7000"/>
        <Texture Name="gMarketPointNameFRATex" OutName="market_point_name_fra" Format="ia4" Width="128" Height="16" Offset="0x7400"/>
        <Texture Name="gHyruleFieldPointNameFRATex" OutName="hyrule_field_point_name_fra" Format="ia4" Width="128" Height="16" Offset="0x7800"/>
        <Texture Name="gDeathMountainPointNameFRATex" OutName="death_mountain_point_name_fra" Format="ia4" Width="128" Height="16" Offset="0x7c00"/>
        <Texture Name="gKakarikoVillagePointNameFRATex" OutName="kakariko_village_point_name_fra" Format="ia4" Width="128" Height="16" Offset="0x8000"/>
        <Texture Name="gLostWoodsPointNameFRATex" OutName="lost_woods_point_name_fra" Format="ia4" Width="128" Height="16" Offset="0x8400"/>
        <Texture Name="gKokiriForestPointNameFRATex" OutName="kokiri_forest_point_name_fra" Format="ia4" Width="128" Height="16" Offset="0x8800"/>
        <Texture Name="gZorasDomainPointNameFRATex" OutName="zoras_domain_point_name_fra" Format="ia4" Width="128" Height="16" Offset="0x8c00"/>
        <Texture Name="gHyruleFieldPositionNameENGTex" OutName="hyrule_field_position_name_eng" Format="ia8" Width="80" Height="32" Offset="0x9000"/>
        <Texture Name="gKakarikoVillagePositionNameENGTex" OutName="kakariko_village_position_name_eng" Format="ia8" Width="80" Height="32" Offset="0x9a00"/>
        <Texture Name="gGraveyardPositionNameENGTex" OutName="graveyard_position_name_eng" Format="ia8" Width="80" Height="32" Offset="0xa400"/>
        <Texture Name="gZorasRiverPositionNameENGTex" OutName="zoras_river_position_name_eng" Format="ia8" Width="80" Height="32" Offset="0xae00"/>
        <Texture Name="gKokiriForestPositionNameENGTex" OutName="kokiri_forest_position_name_eng" Format="ia8" Width="80" Height="32" Offset="0xb800"/>
        <Texture Name="gSacredForestMeadowPositionNameENGTex" OutName="sacred_forest_meadow_position_name_eng" Format="ia8" Width="80" Height="32" Offset="0xc200"/>
        <Texture Name="gLakeHyliaPositionNameENGTex" OutName="lake_hylia_position_name_eng" Format="ia8" Width="80" Height="32" Offset="0xcc00"/>
        <Texture Name="gZorasDomainPositionNameENGTex" OutName="zoras_domain_position_name_eng" Format="ia8" Width="80" Height="32" Offset="0xd600"/>
        <Texture Name="gZorasFountainPositionNameENGTex" OutName="zoras_fountain_position_name_eng" Format="ia8" Width="80" Height="32" Offset="0xe000"/>
        <Texture Name="gGerudoValleyPositionNameENGTex" OutName="gerudo_valley_position_name_eng" Format="ia8" Width="80" Height="32" Offset="0xea00"/>
        <Texture Name="gLostWoodsPositionNameENGTex" OutName="lost_woods_position_name_eng" Format="ia8" Width="80" Height="32" Offset="0xf400"/>
        <Texture Name="gDesertColossusPositionNameENGTex" OutName="desert_colossus_position_name_eng" Format="ia8" Width="80" Height="32" Offset="0xfe00"/>
        <Texture Name="gGerudosFortressPositionNameENGTex" OutName="gerudos_fortress_position_name_eng" Format="ia8" Width="80" Height="32" Offset="0x10800"/>
        <Texture Name="gHauntedWastelandPositionNameENGTex" OutName="haunted_wasteland_position_name_eng" Format="ia8" Width="80" Height="32" Offset="0x11200"/>
        <Texture Name="gMarketPositionNameENGTex" OutName="market_position_name_eng" Format="ia8" Width="80" Height="32" Offset="0x11c00"/>
        <Texture Name="gHyruleCastlePositionNameENGTex" OutName="hyrule_castle_position_name_eng" Format="ia8" Width="80" Height="32" Offset="0x12600"/>
        <Texture Name="gDeathMountainTrailPositionNameENGTex" OutName="death_mountain_trail_position_name_eng" Format="ia8" Width="80" Height="32" Offset="0x13000"/>
        <Texture Name="gDeathMountainCraterPositionNameENGTex" OutName="death_mountain_crater_position_name_eng" Format="ia8" Width="80" Height="32" Offset="0x13a00"/>
        <Texture Name="gGoronCityPositionNameENGTex" OutName="goron_city_position_name_eng" Format="ia8" Width="80" Height="32" Offset="0x14400"/>
        <Texture Name="gLonLonRanchPositionNameENGTex" OutName="lon_lon_ranch_position_name_eng" Format="ia8" Width="80" Height="32" Offset="0x14e00"/>
        <Texture Name="gQuestionMarkPositionNameENGTex" OutName="question_mark_position_name_eng" Format="ia8" Width="80" Height="32" Offset="0x15800"/>
        <Texture Name="gGanonsCastlePositionNameENGTex" OutName="ganons_castle_position_name_eng" Format="ia8" Width="80" Height="32" Offset="0x16200"/>
        <Texture Name="gHyruleFieldPositionNameGERTex" OutName="hyrule_field_position_name_ger" Format="ia8" Width="80" Height="32" Offset="0x16c00"/>
        <Texture Name="gKakarikoVillagePositionNameGERTex" OutName="kakariko_village_position_name_ger" Format="ia8" Width="80" Height="32" Offset="0x17600"/>
        <Texture Name="gGraveyardPositionNameGERTex" OutName="graveyard_position_name_ger" Format="ia8" Width="80" Height="32" Offset="0x18000"/>
        <Texture Name="gZorasRiverPositionNameGERTex" OutName="zoras_river_position_name_ger" Format="ia8" Width="80" Height="32" Offset="0x18a00"/>
        <Texture Name="gKokiriForestPositionNameGERTex" OutName="kokiri_forest_position_name_ger" Format="ia8" Width="80" Height="32" Offset="0x19400"/>
        <Texture Name="gSacredForestMeadowPositionNameGERTex" OutName="sacred_forest_meadow_position_name_ger" Format="ia8" Width="80" Height="32" Offset="0x19e00"/>
        <Texture Name="gLakeHyliaPositionNameGERTex" OutName="lake_hylia_position_name_ger" Format="ia8" Width="80" Height="32" Offset="0x1a800"/>
        <Texture Name="gZorasDomainPositionNameGERTex" OutName="zoras_domain_position_name_ger" Format="ia8" Width="80" Height="32" Offset="0x1b200"/>
        <Texture Name="gZorasFountainPositionNameGERTex" OutName="zoras_fountain_position_name_ger" Format="ia8" Width="80" Height="32" Offset="0x1bc00"/>
        <Texture Name="gGerudoValleyPositionNameGERTex" OutName="gerudo_valley_position_name_ger" Format="ia8" Width="80" Height="32" Offset="0x1c600"/>
        <Texture Name="gLostWoodsPositionNameGERTex" OutName="lost_woods_position_name_ger" Format="ia8" Width="80" Height="32" Offset="0x1d000"/>
        <Texture Name="gDesertColossusPositionNameGERTex" OutName="desert_colossus_position_name_ger" Format="ia8" Width="80" Height="32" Offset="0x1da00"/>
        <Texture Name="gGerudosFortressPositionNameGERTex" OutName="gerudos_fortress_position_name_ger" Format="ia8" Width="80" Height="32" Offset="0x1e400"/>
        <Texture Name="gHauntedWastelandPositionNameGERTex" OutName="haunted_wasteland_position_name_ger" Format="ia8" Width="80" Height="32" Offset="0x1ee00"/>
        <Texture Name="gMarketPositionNameGERTex" OutName="market_position_name_ger" Format="ia8" Width="80" Height="32" Offset="0x1f800"/>
        <Texture Name="gHyruleCastlePositionNameGERTex" OutName="hyrule_castle_position_name_ger" Format="ia8" Width="80" Height="32" Offset="0x20200"/>
        <Texture Name="gDeathMountainTrailPositionNameGERTex" OutName="death_mountain_trail_position_name_ger" Format="ia8" Width="80" Height="32" Offset="0x20c00"/>
        <Texture Name="gDeathMountainCraterPositionNameGERTex" OutName="death_mountain_crater_position_name_ger" Format="ia8" Width="80" Height="32" Offset="0x21600"/>
        <Texture Name="gGoronCityPositionNameGERTex" OutName="goron_city_position_name_ger" Format="ia8" Width="80" Height="32" Offset="0x22000"/>
        <Texture Name="gLonLonRanchPositionNameGERTex" OutName="lon_lon_ranch_position_name_ger" Format="ia8" Width="80" Height="32" Offset="0x22a00"/>
        <Texture Name="gQuestionMarkPositionNameGERTex" OutName="question_mark_position_name_ger" Format="ia8" Width="80" Height="32" Offset="0x23400"/>
        <Texture Name="gGanonsCastlePositionNameGERTex" OutName="ganons_castle_position_name_ger" Format="ia8" Width="80" Height="32" Offset="0x23e00"/>
        <Texture Name="gHyruleFieldPositionNameFRATex" OutName="hyrule_field_position_name_fra" Format="ia8" Width="80" Height="32" Offset="0x24800"/>
        <Texture Name="gKakarikoVillagePositionNameFRATex" OutName="kakariko_village_position_name_fra" Format="ia8" Width="80" Height="32" Offset="0x25200"/>
        <Texture Name="gGraveyardPositionNameFRATex" OutName="graveyard_position_name_fra" Format="ia8" Width="80" Height="32" Offset="0x25c00"/>
        <Texture Name="gZorasRiverPositionNameFRATex" OutName="zoras_river_position_name_fra" Format="ia8" Width="80" Height="32" Offset="0x26600"/>
        <Texture Name="gKokiriForestPositionNameFRATex" OutName="kokiri_forest_position_name_fra" Format="ia8" Width="80" Height="32" Offset="0x27000"/>
        <Texture Name="gSacredForestMeadowPositionNameFRATex" OutName="sacred_forest_meadow_position_name_fra" Format="ia8" Width="80" Height="32" Offset="0x27a00"/>
        <Texture Name="gLakeHyliaPositionNameFRATex" OutName="lake_hylia_position_name_fra" Format="ia8" Width="80" Height="32" Offset="0x28400"/>
        <Texture Name="gZorasDomainPositionNameFRATex" OutName="zoras_domain_position_name_fra" Format="ia8" Width="80" Height="32" Offset="0x28e00"/>
        <Texture Name="gZorasFountainPositionNameFRATex" OutName="zoras_fountain_position_name_fra" Format="ia8" Width="80" Height="32" Offset="0x29800"/>
        <Texture Name="gGerudoValleyPositionNameFRATex" OutName="gerudo_valley_position_name_fra" Format="ia8" Width="80" Height="32" Offset="0x2a200"/>
        <Texture Name="gLostWoodsPositionNameFRATex" OutName="lost_woods_position_name_fra" Format="ia8" Width="80" Height="32" Offset="0x2ac00"/>
        <Texture Name="gDesertColossusPositionNameFRATex" OutName="desert_colossus_position_name_fra" Format="ia8" Width="80" Height="32" Offset="0x2b600"/>
        <Texture Name="gGerudosFortressPositionNameFRATex" OutName="gerudos_fortress_position_name_fra" Format="ia8" Width="80" Height="32" Offset="0x2c000"/>
        <Texture Name="gHauntedWastelandPositionNameFRATex" OutName="haunted_wasteland_position_name_fra" Format="ia8" Width="80" Height="32" Offset="0x2ca00"/>
        <Texture Name="gMarketPositionNameFRATex" OutName="market_position_name_fra" Format="ia8" Width="80" Height="32" Offset="0x2d400"/>
        <Texture Name="gHyruleCastlePositionNameFRATex" OutName="hyrule_castle_position_name_fra" Format="ia8" Width="80" Height="32" Offset="0x2de00"/>
        <Texture Name="gDeathMountainTrailPositionNameFRATex" OutName="death_mountain_trail_position_name_fra" Format="ia8" Width="80" Height="32" Offset="0x2e800"/>
        <Texture Name="gDeathMountainCraterPositionNameFRATex" OutName="death_mountain_crater_position_name_fra" Format="ia8" Width="80" Height="32" Offset="0x2f200"/>
        <Texture Name="gGoronCityPositionNameFRATex" OutName="goron_city_position_name_fra" Format="ia8" Width="80" Height="32" Offset="0x2fc00"/>
        <Texture Name="gLonLonRanchPositionNameFRATex" OutName="lon_lon_ranch_position_name_fra" Format="ia8" Width="80" Height="32" Offset="0x30600"/>
        <Texture Name="gQuestionMarkPositionNameFRATex" OutName="question_mark_position_name_fra" Format="ia8" Width="80" Height="32" Offset="0x31000"/>
        <Texture Name="gGanonsCastlePositionNameFRATex" OutName="ganons_castle_position_name_fra" Format="ia8" Width="80" Height="32" Offset="0x31a00"/>
     </File>
</Root>
