<Root>
     <File Name="map_i_static" Segment="11">
        <Texture Name="gDekuTreeRoom0Floor1MinimapTex" OutName="deku_tree_room_0_floor_1_minimap" Format="i4" Width="96" Height="85" Offset="0x0"/>
        <Texture Name="gDekuTreeRoom1MinimapTex" OutName="deku_tree_room_1_minimap" Format="i4" Width="96" Height="85" Offset="0xFF0"/>
        <Texture Name="gDekuTreeRoom2MinimapTex" OutName="deku_tree_room_2_minimap" Format="i4" Width="96" Height="85" Offset="0x1FE0"/>
        <Texture Name="gDekuTreeRoom3MinimapTex" OutName="deku_tree_room_3_minimap" Format="i4" Width="96" Height="85" Offset="0x2FD0"/>
        <Texture Name="gDekuTreeRoom4MinimapTex" OutName="deku_tree_room_4_minimap" Format="i4" Width="96" Height="85" Offset="0x3FC0"/>
        <Texture Name="gDekuTreeRoom5MinimapTex" OutName="deku_tree_room_5_minimap" Format="i4" Width="96" Height="85" Offset="0x4FB0"/>
        <Texture Name="gDekuTreeRoom6MinimapTex" OutName="deku_tree_room_6_minimap" Format="i4" Width="96" Height="85" Offset="0x5FA0"/>
        <Texture Name="gDekuTreeRoom7MinimapTex" OutName="deku_tree_room_7_minimap" Format="i4" Width="96" Height="85" Offset="0x6F90"/>
        <Texture Name="gDekuTreeRoom8MinimapTex" OutName="deku_tree_room_8_minimap" Format="i4" Width="96" Height="85" Offset="0x7F80"/>
        <Texture Name="gDekuTreeRoom9MinimapTex" OutName="deku_tree_room_9_minimap" Format="i4" Width="96" Height="85" Offset="0x8F70"/>
        <Texture Name="gDekuTreeRoom10MinimapTex" OutName="deku_tree_room_10_minimap" Format="i4" Width="96" Height="85" Offset="0x9F60"/>
        <Texture Name="gDekuTreeRoom0Floor2MinimapTex" OutName="deku_tree_room_0_floor_2_minimap" Format="i4" Width="96" Height="85" Offset="0xAF50"/>
        <Texture Name="gDekuTreeRoom0Floor3MinimapTex" OutName="deku_tree_room_0_floor_3_minimap" Format="i4" Width="96" Height="85" Offset="0xBF40"/>
        <Texture Name="gDodongosCavernRoom0MinimapTex" OutName="dodongos_cavern_room_0_minimap" Format="i4" Width="96" Height="85" Offset="0xCF30"/>
        <Texture Name="gDodongosCavernRoom1MinimapTex" OutName="dodongos_cavern_room_1_minimap" Format="i4" Width="96" Height="85" Offset="0xDF20"/>
        <Texture Name="gDodongosCavernRoom2MinimapTex" OutName="dodongos_cavern_room_2_minimap" Format="i4" Width="96" Height="85" Offset="0xEF10"/>
        <Texture Name="gDodongosCavernRoom3MinimapTex" OutName="dodongos_cavern_room_3_minimap" Format="i4" Width="96" Height="85" Offset="0xFF00"/>
        <Texture Name="gDodongosCavernRoom4MinimapTex" OutName="dodongos_cavern_room_4_minimap" Format="i4" Width="96" Height="85" Offset="0x10EF0"/>
        <Texture Name="gDodongosCavernRoom5MinimapTex" OutName="dodongos_cavern_room_5_minimap" Format="i4" Width="96" Height="85" Offset="0x11EE0"/>
        <Texture Name="gDodongosCavernRoom6MinimapTex" OutName="dodongos_cavern_room_6_minimap" Format="i4" Width="96" Height="85" Offset="0x12ED0"/>
        <Texture Name="gDodongosCavernRoom7MinimapTex" OutName="dodongos_cavern_room_7_minimap" Format="i4" Width="96" Height="85" Offset="0x13EC0"/>
        <Texture Name="gDodongosCavernRoom8MinimapTex" OutName="dodongos_cavern_room_8_minimap" Format="i4" Width="96" Height="85" Offset="0x14EB0"/>
        <Texture Name="gDodongosCavernRoom9MinimapTex" OutName="dodongos_cavern_room_9_minimap" Format="i4" Width="96" Height="85" Offset="0x15EA0"/>
        <Texture Name="gDodongosCavernRoom10MinimapTex" OutName="dodongos_cavern_room_10_minimap" Format="i4" Width="96" Height="85" Offset="0x16E90"/>
        <Texture Name="gDodongosCavernRoom11MinimapTex" OutName="dodongos_cavern_room_11_minimap" Format="i4" Width="96" Height="85" Offset="0x17E80"/>
        <Texture Name="gDodongosCavernRoom12MinimapTex" OutName="dodongos_cavern_room_12_minimap" Format="i4" Width="96" Height="85" Offset="0x18E70"/>
        <Texture Name="gDodongosCavernRoom13MinimapTex" OutName="dodongos_cavern_room_13_minimap" Format="i4" Width="96" Height="85" Offset="0x19E60"/>
        <Texture Name="gDodongosCavernRoom14MinimapTex" OutName="dodongos_cavern_room_14_minimap" Format="i4" Width="96" Height="85" Offset="0x1AE50"/>
        <Texture Name="gDodongosCavernRoom15MinimapTex" OutName="dodongos_cavern_room_15_minimap" Format="i4" Width="96" Height="85" Offset="0x1BE40"/>
        <Texture Name="gDodongosCavernRoom0Floor3MinimapTex" OutName="dodongos_cavern_room_0_floor_3_minimap" Format="i4" Width="96" Height="85" Offset="0x1CE30"/>
        <Texture Name="gDodongosCavernRoom2Floor3MinimapTex" OutName="dodongos_cavern_room_2_floor_3_minimap" Format="i4" Width="96" Height="85" Offset="0x1DE20"/>
        <Texture Name="gDodongosCavernRoom3Floor3MinimapTex" OutName="dodongos_cavern_room_3_floor_3_minimap" Format="i4" Width="96" Height="85" Offset="0x1EE10"/>
        <Texture Name="gJabuRoom0MinimapTex" OutName="jabu_room_0_minimap" Format="i4" Width="96" Height="85" Offset="0x1FE00"/>
        <Texture Name="gJabuRoom1MinimapTex" OutName="jabu_room_1_minimap" Format="i4" Width="96" Height="85" Offset="0x20DF0"/>
        <Texture Name="gJabuRoom2MinimapTex" OutName="jabu_room_2_minimap" Format="i4" Width="96" Height="85" Offset="0x21DE0"/>
        <Texture Name="gJabuRoom3MinimapTex" OutName="jabu_room_3_minimap" Format="i4" Width="96" Height="85" Offset="0x22DD0"/>
        <Texture Name="gJabuRoom4MinimapTex" OutName="jabu_room_4_minimap" Format="i4" Width="96" Height="85" Offset="0x23DC0"/>
        <Texture Name="gJabuRoom5MinimapTex" OutName="jabu_room_5_minimap" Format="i4" Width="96" Height="85" Offset="0x24DB0"/>
        <Texture Name="gJabuRoom6MinimapTex" OutName="jabu_room_6_minimap" Format="i4" Width="96" Height="85" Offset="0x25DA0"/>
        <Texture Name="gJabuRoom7MinimapTex" OutName="jabu_room_7_minimap" Format="i4" Width="96" Height="85" Offset="0x26D90"/>
        <Texture Name="gJabuRoom8MinimapTex" OutName="jabu_room_8_minimap" Format="i4" Width="96" Height="85" Offset="0x27D80"/>
        <Texture Name="gJabuRoom9MinimapTex" OutName="jabu_room_9_minimap" Format="i4" Width="96" Height="85" Offset="0x28D70"/>
        <Texture Name="gJabuRoom10MinimapTex" OutName="jabu_room_10_minimap" Format="i4" Width="96" Height="85" Offset="0x29D60"/>
        <Texture Name="gJabuRoom11MinimapTex" OutName="jabu_room_11_minimap" Format="i4" Width="96" Height="85" Offset="0x2AD50"/>
        <Texture Name="gJabuRoom12MinimapTex" OutName="jabu_room_12_minimap" Format="i4" Width="96" Height="85" Offset="0x2BD40"/>
        <Texture Name="gJabuRoom13MinimapTex" OutName="jabu_room_13_minimap" Format="i4" Width="96" Height="85" Offset="0x2CD30"/>
        <Texture Name="gJabuRoom14MinimapTex" OutName="jabu_room_14_minimap" Format="i4" Width="96" Height="85" Offset="0x2DD20"/>
        <Texture Name="gJabuRoom1Basement1MinimapTex" OutName="jabu_room_1_basement_1_minimap" Format="i4" Width="96" Height="85" Offset="0x2ED10"/>
        <Texture Name="gJabuRoom6Basement1MinimapTex" OutName="jabu_room_6_basement_1_minimap" Format="i4" Width="96" Height="85" Offset="0x2FD00"/>
        <Texture Name="gForestTempleRoom0Floor1MinimapTex" OutName="forest_temple_room_0_floor_1_minimap" Format="i4" Width="96" Height="85" Offset="0x30CF0"/>
        <Texture Name="gForestTempleRoom1MinimapTex" OutName="forest_temple_room_1_minimap" Format="i4" Width="96" Height="85" Offset="0x31CE0"/>
        <Texture Name="gForestTempleRoom2MinimapTex" OutName="forest_temple_room_2_minimap" Format="i4" Width="96" Height="85" Offset="0x32CD0"/>
        <Texture Name="gForestTempleRoom3MinimapTex" OutName="forest_temple_room_3_minimap" Format="i4" Width="96" Height="85" Offset="0x33CC0"/>
        <Texture Name="gForestTempleRoom4MinimapTex" OutName="forest_temple_room_4_minimap" Format="i4" Width="96" Height="85" Offset="0x34CB0"/>
        <Texture Name="gForestTempleRoom5MinimapTex" OutName="forest_temple_room_5_minimap" Format="i4" Width="96" Height="85" Offset="0x35CA0"/>
        <Texture Name="gForestTempleRoom6Floor1MinimapTex" OutName="forest_temple_room_6_floor_1_minimap" Format="i4" Width="96" Height="85" Offset="0x36C90"/>
        <Texture Name="gForestTempleRoom7Floor1MinimapTex" OutName="forest_temple_room_7_floor_1_minimap" Format="i4" Width="96" Height="85" Offset="0x37C80"/>
        <Texture Name="gForestTempleRoom8Floor1MinimapTex" OutName="forest_temple_room_8_floor_1_minimap" Format="i4" Width="96" Height="85" Offset="0x38C70"/>
        <Texture Name="gForestTempleRoom9MinimapTex" OutName="forest_temple_room_9_minimap" Format="i4" Width="96" Height="85" Offset="0x39C60"/>
        <Texture Name="gForestTempleRoom10MinimapTex" OutName="forest_temple_room_10_minimap" Format="i4" Width="96" Height="85" Offset="0x3AC50"/>
        <Texture Name="gForestTempleRoom11Floor1MinimapTex" OutName="forest_temple_room_11_floor_1_minimap" Format="i4" Width="96" Height="85" Offset="0x3BC40"/>
        <Texture Name="gForestTempleRoom12MinimapTex" OutName="forest_temple_room_12_minimap" Format="i4" Width="96" Height="85" Offset="0x3CC30"/>
        <Texture Name="gForestTempleRoom13MinimapTex" OutName="forest_temple_room_13_minimap" Format="i4" Width="96" Height="85" Offset="0x3DC20"/>
        <Texture Name="gForestTempleRoom14MinimapTex" OutName="forest_temple_room_14_minimap" Format="i4" Width="96" Height="85" Offset="0x3EC10"/>
        <Texture Name="gForestTempleRoom15MinimapTex" OutName="forest_temple_room_15_minimap" Format="i4" Width="96" Height="85" Offset="0x3FC00"/>
        <Texture Name="gForestTempleRoom16MinimapTex" OutName="forest_temple_room_16_minimap" Format="i4" Width="96" Height="85" Offset="0x40BF0"/>
        <Texture Name="gForestTempleRoom17MinimapTex" OutName="forest_temple_room_17_minimap" Format="i4" Width="96" Height="85" Offset="0x41BE0"/>
        <Texture Name="gForestTempleRoom18MinimapTex" OutName="forest_temple_room_18_minimap" Format="i4" Width="96" Height="85" Offset="0x42BD0"/>
        <Texture Name="gForestTempleRoom19MinimapTex" OutName="forest_temple_room_19_minimap" Format="i4" Width="96" Height="85" Offset="0x43BC0"/>
        <Texture Name="gForestTempleRoom20MinimapTex" OutName="forest_temple_room_20_minimap" Format="i4" Width="96" Height="85" Offset="0x44BB0"/>
        <Texture Name="gForestTempleRoom21MinimapTex" OutName="forest_temple_room_21_minimap" Format="i4" Width="96" Height="85" Offset="0x45BA0"/>
        <Texture Name="gForestTempleRoom0Floor3MinimapTex" OutName="forest_temple_room_0_floor_3_minimap" Format="i4" Width="96" Height="85" Offset="0x46B90"/>
        <Texture Name="gForestTempleRoom6Floor3MinimapTex" OutName="forest_temple_room_6_floor_3_minimap" Format="i4" Width="96" Height="85" Offset="0x47B80"/>
        <Texture Name="gForestTempleRoom7Floor3MinimapTex" OutName="forest_temple_room_7_floor_3_minimap" Format="i4" Width="96" Height="85" Offset="0x48B70"/>
        <Texture Name="gForestTempleRoom8Floor3MinimapTex" OutName="forest_temple_room_8_floor_3_minimap" Format="i4" Width="96" Height="85" Offset="0x49B60"/>
        <Texture Name="gForestTempleRoom11Floor3MinimapTex" OutName="forest_temple_room_11_floor_3_minimap" Format="i4" Width="96" Height="85" Offset="0x4AB50"/>
        <Texture Name="gFireTempleRoom0MinimapTex" OutName="fire_temple_room_0_minimap" Format="i4" Width="96" Height="85" Offset="0x4BB40"/>
        <Texture Name="gFireTempleRoom1MinimapTex" OutName="fire_temple_room_1_minimap" Format="i4" Width="96" Height="85" Offset="0x4CB30"/>
        <Texture Name="gFireTempleRoom2MinimapTex" OutName="fire_temple_room_2_minimap" Format="i4" Width="96" Height="85" Offset="0x4DB20"/>
        <Texture Name="gFireTempleRoom3MinimapTex" OutName="fire_temple_room_3_minimap" Format="i4" Width="96" Height="85" Offset="0x4EB10"/>
        <Texture Name="gFireTempleRoom4Floor1MinimapTex" OutName="fire_temple_room_4_floor_1_minimap" Format="i4" Width="96" Height="85" Offset="0x4FB00"/>
        <Texture Name="gFireTempleRoom5Floor1MinimapTex" OutName="fire_temple_room_5_floor_1_minimap" Format="i4" Width="96" Height="85" Offset="0x50AF0"/>
        <Texture Name="gFireTempleRoom6Floor1MinimapTex" OutName="fire_temple_room_6_floor_1_minimap" Format="i4" Width="96" Height="85" Offset="0x51AE0"/>
        <Texture Name="gFireTempleRoom7Floor1MinimapTex" OutName="fire_temple_room_7_floor_1_minimap" Format="i4" Width="96" Height="85" Offset="0x52AD0"/>
        <Texture Name="gFireTempleRoom8MinimapTex" OutName="fire_temple_room_8_minimap" Format="i4" Width="96" Height="85" Offset="0x53AC0"/>
        <Texture Name="gFireTempleRoom9MinimapTex" OutName="fire_temple_room_9_minimap" Format="i4" Width="96" Height="85" Offset="0x54AB0"/>
        <Texture Name="gFireTempleRoom10Floor1MinimapTex" OutName="fire_temple_room_10_floor_1_minimap" Format="i4" Width="96" Height="85" Offset="0x55AA0"/>
        <Texture Name="gFireTempleRoom11Floor1MinimapTex" OutName="fire_temple_room_11_floor_1_minimap" Format="i4" Width="96" Height="85" Offset="0x56A90"/>
        <Texture Name="gFireTempleRoom12Floor1MinimapTex" OutName="fire_temple_room_12_floor_1_minimap" Format="i4" Width="96" Height="85" Offset="0x57A80"/>
        <Texture Name="gFireTempleRoom13Floor1MinimapTex" OutName="fire_temple_room_13_floor_1_minimap" Format="i4" Width="96" Height="85" Offset="0x58A70"/>
        <Texture Name="gFireTempleRoom14MinimapTex" OutName="fire_temple_room_14_minimap" Format="i4" Width="96" Height="85" Offset="0x59A60"/>
        <Texture Name="gFireTempleRoom15MinimapTex" OutName="fire_temple_room_15_minimap" Format="i4" Width="96" Height="85" Offset="0x5AA50"/>
        <Texture Name="gFireTempleRoom16MinimapTex" OutName="fire_temple_room_16_minimap" Format="i4" Width="96" Height="85" Offset="0x5BA40"/>
        <Texture Name="gFireTempleRoom17MinimapTex" OutName="fire_temple_room_17_minimap" Format="i4" Width="96" Height="85" Offset="0x5CA30"/>
        <Texture Name="gFireTempleRoom18MinimapTex" OutName="fire_temple_room_18_minimap" Format="i4" Width="96" Height="85" Offset="0x5DA20"/>
        <Texture Name="gFireTempleRoom19MinimapTex" OutName="fire_temple_room_19_minimap" Format="i4" Width="96" Height="85" Offset="0x5EA10"/>
        <Texture Name="gFireTempleRoom20MinimapTex" OutName="fire_temple_room_20_minimap" Format="i4" Width="96" Height="85" Offset="0x5FA00"/>
        <Texture Name="gFireTempleRoom21Floor1MinimapTex" OutName="fire_temple_room_21_floor_1_minimap" Format="i4" Width="96" Height="85" Offset="0x609F0"/>
        <Texture Name="gFireTempleRoom22MinimapTex" OutName="fire_temple_room_22_minimap" Format="i4" Width="96" Height="85" Offset="0x619E0"/>
        <Texture Name="gFireTempleRoom23MinimapTex" OutName="fire_temple_room_23_minimap" Format="i4" Width="96" Height="85" Offset="0x629D0"/>
        <Texture Name="gFireTempleRoom24Floor1MinimapTex" OutName="fire_temple_room_24_floor_1_minimap" Format="i4" Width="96" Height="85" Offset="0x639C0"/>
        <Texture Name="gFireTempleRoom25MinimapTex" OutName="fire_temple_room_25_minimap" Format="i4" Width="96" Height="85" Offset="0x649B0"/>
        <Texture Name="gFireTempleRoom4Floor3MinimapTex" OutName="fire_temple_room_4_floor_3_minimap" Format="i4" Width="96" Height="85" Offset="0x659A0"/>
        <Texture Name="gFireTempleRoom5Floor3MinimapTex" OutName="fire_temple_room_5_floor_3_minimap" Format="i4" Width="96" Height="85" Offset="0x66990"/>
        <Texture Name="gFireTempleRoom6Floor2MinimapTex" OutName="fire_temple_room_6_floor_2_minimap" Format="i4" Width="96" Height="85" Offset="0x67980"/>
        <Texture Name="gFireTempleRoom6Floor3MinimapTex" OutName="fire_temple_room_6_floor_3_minimap" Format="i4" Width="96" Height="85" Offset="0x68970"/>
        <Texture Name="gFireTempleRoom7Floor3MinimapTex" OutName="fire_temple_room_7_floor_3_minimap" Format="i4" Width="96" Height="85" Offset="0x69960"/>
        <Texture Name="gFireTempleRoom10Floor2MinimapTex" OutName="fire_temple_room_10_floor_2_minimap" Format="i4" Width="96" Height="85" Offset="0x6A950"/>
        <Texture Name="gFireTempleRoom10Floor3MinimapTex" OutName="fire_temple_room_10_floor_3_minimap" Format="i4" Width="96" Height="85" Offset="0x6B940"/>
        <Texture Name="gFireTempleRoom11Floor3MinimapTex" OutName="fire_temple_room_11_floor_3_minimap" Format="i4" Width="96" Height="85" Offset="0x6C930"/>
        <Texture Name="gFireTempleRoom12Floor3MinimapTex" OutName="fire_temple_room_12_floor_3_minimap" Format="i4" Width="96" Height="85" Offset="0x6D920"/>
        <Texture Name="gFireTempleRoom13Floor3MinimapTex" OutName="fire_temple_room_13_floor_3_minimap" Format="i4" Width="96" Height="85" Offset="0x6E910"/>
        <Texture Name="gFireTempleRoom21Floor3MinimapTex" OutName="fire_temple_room_21_floor_3_minimap" Format="i4" Width="96" Height="85" Offset="0x6F900"/>
        <Texture Name="gFireTempleRoom24Floor3MinimapTex" OutName="fire_temple_room_24_floor_3_minimap" Format="i4" Width="96" Height="85" Offset="0x708F0"/>
        <Texture Name="gWaterTempleRoom0Floor3MinimapTex" OutName="water_temple_room_0_floor_3_minimap" Format="i4" Width="96" Height="85" Offset="0x718E0"/>
        <Texture Name="gWaterTempleRoom1Floor3MinimapTex" OutName="water_temple_room_1_floor_3_minimap" Format="i4" Width="96" Height="85" Offset="0x728D0"/>
        <Texture Name="gWaterTempleRoom2MinimapTex" OutName="water_temple_room_2_minimap" Format="i4" Width="96" Height="85" Offset="0x738C0"/>
        <Texture Name="gWaterTempleRoom3Floor3MinimapTex" OutName="water_temple_room_3_floor_3_minimap" Format="i4" Width="96" Height="85" Offset="0x748B0"/>
        <Texture Name="gWaterTempleRoom4Floor3MinimapTex" OutName="water_temple_room_4_floor_3_minimap" Format="i4" Width="96" Height="85" Offset="0x758A0"/>
        <Texture Name="gWaterTempleRoom5Floor3MinimapTex" OutName="water_temple_room_5_floor_3_minimap" Format="i4" Width="96" Height="85" Offset="0x76890"/>
        <Texture Name="gWaterTempleRoom6MinimapTex" OutName="water_temple_room_6_minimap" Format="i4" Width="96" Height="85" Offset="0x77880"/>
        <Texture Name="gWaterTempleRoom7MinimapTex" OutName="water_temple_room_7_minimap" Format="i4" Width="96" Height="85" Offset="0x78870"/>
        <Texture Name="gWaterTempleRoom8Floor3MinimapTex" OutName="water_temple_room_8_floor_3_minimap" Format="i4" Width="96" Height="85" Offset="0x79860"/>
        <Texture Name="gWaterTempleRoom9Floor3MinimapTex" OutName="water_temple_room_9_floor_3_minimap" Format="i4" Width="96" Height="85" Offset="0x7A850"/>
        <Texture Name="gWaterTempleRoom10Floor3MinimapTex" OutName="water_temple_room_10_floor_3_minimap" Format="i4" Width="96" Height="85" Offset="0x7B840"/>
        <Texture Name="gWaterTempleRoom11MinimapTex" OutName="water_temple_room_11_minimap" Format="i4" Width="96" Height="85" Offset="0x7C830"/>
        <Texture Name="gWaterTempleRoom12Floor3MinimapTex" OutName="water_temple_room_12_floor_3_minimap" Format="i4" Width="96" Height="85" Offset="0x7D820"/>
        <Texture Name="gWaterTempleRoom13MinimapTex" OutName="water_temple_room_13_minimap" Format="i4" Width="96" Height="85" Offset="0x7E810"/>
        <Texture Name="gWaterTempleRoom14Floor3MinimapTex" OutName="water_temple_room_14_floor_3_minimap" Format="i4" Width="96" Height="85" Offset="0x7F800"/>
        <Texture Name="gWaterTempleRoom15Floor3MinimapTex" OutName="water_temple_room_15_floor_3_minimap" Format="i4" Width="96" Height="85" Offset="0x807F0"/>
        <Texture Name="gWaterTempleRoom16MinimapTex" OutName="water_temple_room_16_minimap" Format="i4" Width="96" Height="85" Offset="0x817E0"/>
        <Texture Name="gWaterTempleRoom17Floor3MinimapTex" OutName="water_temple_room_17_floor_3_minimap" Format="i4" Width="96" Height="85" Offset="0x827D0"/>
        <Texture Name="gWaterTempleRoom18MinimapTex" OutName="water_temple_room_18_minimap" Format="i4" Width="96" Height="85" Offset="0x837C0"/>
        <Texture Name="gWaterTempleRoom19MinimapTex" OutName="water_temple_room_19_minimap" Format="i4" Width="96" Height="85" Offset="0x847B0"/>
        <Texture Name="gWaterTempleRoom20Floor3MinimapTex" OutName="water_temple_room_20_floor_3_minimap" Format="i4" Width="96" Height="85" Offset="0x857A0"/>
        <Texture Name="gWaterTempleRoom21Floor3MinimapTex" OutName="water_temple_room_21_floor_3_minimap" Format="i4" Width="96" Height="85" Offset="0x86790"/>
        <Texture Name="gWaterTempleRoom0Floor2MinimapTex" OutName="water_temple_room_0_floor_2_minimap" Format="i4" Width="96" Height="85" Offset="0x87780"/>
        <Texture Name="gWaterTempleRoom0Floor1MinimapTex" OutName="water_temple_room_0_floor_1_minimap" Format="i4" Width="96" Height="85" Offset="0x88770"/>
        <Texture Name="gWaterTempleRoom0Basement1MinimapTex" OutName="water_temple_room_0_basement_1_minimap" Format="i4" Width="96" Height="85" Offset="0x89760"/>
        <Texture Name="gWaterTempleRoom1Floor2MinimapTex" OutName="water_temple_room_1_floor_2_minimap" Format="i4" Width="96" Height="85" Offset="0x8A750"/>
        <Texture Name="gWaterTempleRoom1Floor1MinimapTex" OutName="water_temple_room_1_floor_1_minimap" Format="i4" Width="96" Height="85" Offset="0x8B740"/>
        <Texture Name="gWaterTempleRoom1Basement1MinimapTex" OutName="water_temple_room_1_basement_1_minimap" Format="i4" Width="96" Height="85" Offset="0x8C730"/>
        <Texture Name="gWaterTempleRoom3Basement1MinimapTex" OutName="water_temple_room_3_basement_1_minimap" Format="i4" Width="96" Height="85" Offset="0x8D720"/>
        <Texture Name="gWaterTempleRoom4Floor2MinimapTex" OutName="water_temple_room_4_floor_2_minimap" Format="i4" Width="96" Height="85" Offset="0x8E710"/>
        <Texture Name="gWaterTempleRoom5Floor2MinimapTex" OutName="water_temple_room_5_floor_2_minimap" Format="i4" Width="96" Height="85" Offset="0x8F700"/>
        <Texture Name="gWaterTempleRoom5Floor1MinimapTex" OutName="water_temple_room_5_floor_1_minimap" Format="i4" Width="96" Height="85" Offset="0x906F0"/>
        <Texture Name="gWaterTempleRoom6Floor2MinimapTex" OutName="water_temple_room_6_floor_2_minimap" Format="i4" Width="96" Height="85" Offset="0x916E0"/>
        <Texture Name="gWaterTempleRoom8Basement1MinimapTex" OutName="water_temple_room_8_basement_1_minimap" Format="i4" Width="96" Height="85" Offset="0x926D0"/>
        <Texture Name="gWaterTempleRoom9Basement1MinimapTex" OutName="water_temple_room_9_basement_1_minimap" Format="i4" Width="96" Height="85" Offset="0x936C0"/>
        <Texture Name="gWaterTempleRoom10Floor2MinimapTex" OutName="water_temple_room_10_floor_2_minimap" Format="i4" Width="96" Height="85" Offset="0x946B0"/>
        <Texture Name="gWaterTempleRoom12Basement1MinimapTex" OutName="water_temple_room_12_basement_1_minimap" Format="i4" Width="96" Height="85" Offset="0x956A0"/>
        <Texture Name="gWaterTempleRoom14Basement1MinimapTex" OutName="water_temple_room_14_basement_1_minimap" Format="i4" Width="96" Height="85" Offset="0x96690"/>
        <Texture Name="gWaterTempleRoom15Basement1MinimapTex" OutName="water_temple_room_15_basement_1_minimap" Format="i4" Width="96" Height="85" Offset="0x97680"/>
        <Texture Name="gWaterTempleRoom17Floor2MinimapTex" OutName="water_temple_room_17_floor_2_minimap" Format="i4" Width="96" Height="85" Offset="0x98670"/>
        <Texture Name="gWaterTempleRoom17Floor1MinimapTex" OutName="water_temple_room_17_floor_1_minimap" Format="i4" Width="96" Height="85" Offset="0x99660"/>
        <Texture Name="gWaterTempleRoom20Floor2MinimapTex" OutName="water_temple_room_20_floor_2_minimap" Format="i4" Width="96" Height="85" Offset="0x9A650"/>
        <Texture Name="gWaterTempleRoom21Floor1MinimapTex" OutName="water_temple_room_21_floor_1_minimap" Format="i4" Width="96" Height="85" Offset="0x9B640"/>
        <Texture Name="gWaterTempleRoom5Basement1MinimapTex" OutName="water_temple_room_5_basement_1_minimap" Format="i4" Width="96" Height="85" Offset="0x9C630"/>
        <Texture Name="gSpiritTempleRoom0MinimapTex" OutName="spirit_temple_room_0_minimap" Format="i4" Width="96" Height="85" Offset="0x9D620"/>
        <Texture Name="gSpiritTempleRoom1MinimapTex" OutName="spirit_temple_room_1_minimap" Format="i4" Width="96" Height="85" Offset="0x9E610"/>
        <Texture Name="gSpiritTempleRoom2MinimapTex" OutName="spirit_temple_room_2_minimap" Format="i4" Width="96" Height="85" Offset="0x9F600"/>
        <Texture Name="gSpiritTempleRoom3MinimapTex" OutName="spirit_temple_room_3_minimap" Format="i4" Width="96" Height="85" Offset="0xA05F0"/>
        <Texture Name="gSpiritTempleRoom4Floor1MinimapTex" OutName="spirit_temple_room_4_floor_1_minimap" Format="i4" Width="96" Height="85" Offset="0xA15E0"/>
        <Texture Name="gSpiritTempleRoom5Floor2MinimapTex" OutName="spirit_temple_room_5_floor_2_minimap" Format="i4" Width="96" Height="85" Offset="0xA25D0"/>
        <Texture Name="gSpiritTempleRoom6MinimapTex" OutName="spirit_temple_room_6_minimap" Format="i4" Width="96" Height="85" Offset="0xA35C0"/>
        <Texture Name="gSpiritTempleRoom7MinimapTex" OutName="spirit_temple_room_7_minimap" Format="i4" Width="96" Height="85" Offset="0xA45B0"/>
        <Texture Name="gSpiritTempleRoom8MinimapTex" OutName="spirit_temple_room_8_minimap" Format="i4" Width="96" Height="85" Offset="0xA55A0"/>
        <Texture Name="gSpiritTempleRoom9MinimapTex" OutName="spirit_temple_room_9_minimap" Format="i4" Width="96" Height="85" Offset="0xA6590"/>
        <Texture Name="gSpiritTempleRoom10MinimapTex" OutName="spirit_temple_room_10_minimap" Format="i4" Width="96" Height="85" Offset="0xA7580"/>
        <Texture Name="gBlankSpiritTempleRoom11MinimapTex" OutName="blankspirit_temple_room_11_minimap" Format="i4" Width="96" Height="85" Offset="0xA8570"/>
        <Texture Name="gSpiritTempleRoom12MinimapTex" OutName="spirit_temple_room_12_minimap" Format="i4" Width="96" Height="85" Offset="0xA9560"/>
        <Texture Name="gSpiritTempleRoom13MinimapTex" OutName="spirit_temple_room_13_minimap" Format="i4" Width="96" Height="85" Offset="0xAA550"/>
        <Texture Name="gSpiritTempleRoom14MinimapTex" OutName="spirit_temple_room_14_minimap" Format="i4" Width="96" Height="85" Offset="0xAB540"/>
        <Texture Name="gSpiritTempleRoom15Floor1MinimapTex" OutName="spirit_temple_room_15_floor_1_minimap" Format="i4" Width="96" Height="85" Offset="0xAC530"/>
        <Texture Name="gSpiritTempleRoom16MinimapTex" OutName="spirit_temple_room_16_minimap" Format="i4" Width="96" Height="85" Offset="0xAD520"/>
        <Texture Name="gSpiritTempleRoom17MinimapTex" OutName="spirit_temple_room_17_minimap" Format="i4" Width="96" Height="85" Offset="0xAE510"/>
        <Texture Name="gSpiritTempleRoom18MinimapTex" OutName="spirit_temple_room_18_minimap" Format="i4" Width="96" Height="85" Offset="0xAF500"/>
        <Texture Name="gSpiritTempleRoom19MinimapTex" OutName="spirit_temple_room_19_minimap" Format="i4" Width="96" Height="85" Offset="0xB04F0"/>
        <Texture Name="gSpiritTempleRoom20MinimapTex" OutName="spirit_temple_room_20_minimap" Format="i4" Width="96" Height="85" Offset="0xB14E0"/>
        <Texture Name="gSpiritTempleRoom21MinimapTex" OutName="spirit_temple_room_21_minimap" Format="i4" Width="96" Height="85" Offset="0xB24D0"/>
        <Texture Name="gSpiritTempleRoom22MinimapTex" OutName="spirit_temple_room_22_minimap" Format="i4" Width="96" Height="85" Offset="0xB34C0"/>
        <Texture Name="gSpiritTempleRoom23Floor3MinimapTex" OutName="spirit_temple_room_23_floor_3_minimap" Format="i4" Width="96" Height="85" Offset="0xB44B0"/>
        <Texture Name="gSpiritTempleRoom24MinimapTex" OutName="spirit_temple_room_24_minimap" Format="i4" Width="96" Height="85" Offset="0xB54A0"/>
        <Texture Name="gSpiritTempleRoom25MinimapTex" OutName="spirit_temple_room_25_minimap" Format="i4" Width="96" Height="85" Offset="0xB6490"/>
        <Texture Name="gSpiritTempleRoom26MinimapTex" OutName="spirit_temple_room_26_minimap" Format="i4" Width="96" Height="85" Offset="0xB7480"/>
        <Texture Name="gSpiritTempleRoom27MinimapTex" OutName="spirit_temple_room_27_minimap" Format="i4" Width="96" Height="85" Offset="0xB8470"/>
        <Texture Name="gSpiritTempleRoom4Floor2MinimapTex" OutName="spirit_temple_room_4_floor_2_minimap" Format="i4" Width="96" Height="85" Offset="0xB9460"/>
        <Texture Name="gSpiritTempleRoom5Floor3MinimapTex" OutName="spirit_temple_room_5_floor_3_minimap" Format="i4" Width="96" Height="85" Offset="0xBA450"/>
        <Texture Name="gSpiritTempleRoom15Floor2MinimapTex" OutName="spirit_temple_room_15_floor_2_minimap" Format="i4" Width="96" Height="85" Offset="0xBB440"/>
        <Texture Name="gSpiritTempleRoom23Floor4MinimapTex" OutName="spirit_temple_room_23_floor_4_minimap" Format="i4" Width="96" Height="85" Offset="0xBC430"/>
        <Texture Name="gShadowTempleRoom0MinimapTex" OutName="shadow_temple_room_0_minimap" Format="i4" Width="96" Height="85" Offset="0xBD420"/>
        <Texture Name="gShadowTempleRoom1MinimapTex" OutName="shadow_temple_room_1_minimap" Format="i4" Width="96" Height="85" Offset="0xBE410"/>
        <Texture Name="gShadowTempleRoom2MinimapTex" OutName="shadow_temple_room_2_minimap" Format="i4" Width="96" Height="85" Offset="0xBF400"/>
        <Texture Name="gShadowTempleRoom3MinimapTex" OutName="shadow_temple_room_3_minimap" Format="i4" Width="96" Height="85" Offset="0xC03F0"/>
        <Texture Name="gShadowTempleRoom4MinimapTex" OutName="shadow_temple_room_4_minimap" Format="i4" Width="96" Height="85" Offset="0xC13E0"/>
        <Texture Name="gShadowTempleRoom5MinimapTex" OutName="shadow_temple_room_5_minimap" Format="i4" Width="96" Height="85" Offset="0xC23D0"/>
        <Texture Name="gShadowTempleRoom6MinimapTex" OutName="shadow_temple_room_6_minimap" Format="i4" Width="96" Height="85" Offset="0xC33C0"/>
        <Texture Name="gShadowTempleRoom7MinimapTex" OutName="shadow_temple_room_7_minimap" Format="i4" Width="96" Height="85" Offset="0xC43B0"/>
        <Texture Name="gShadowTempleRoom8Basement2MinimapTex" OutName="shadow_temple_room_8_basement_2_minimap" Format="i4" Width="96" Height="85" Offset="0xC53A0"/>
        <Texture Name="gShadowTempleRoom9Basement3MinimapTex" OutName="shadow_temple_room_9_basement_3_minimap" Format="i4" Width="96" Height="85" Offset="0xC6390"/>
        <Texture Name="gShadowTempleRoom10MinimapTex" OutName="shadow_temple_room_10_minimap" Format="i4" Width="96" Height="85" Offset="0xC7380"/>
        <Texture Name="gShadowTempleRoom11MinimapTex" OutName="shadow_temple_room_11_minimap" Format="i4" Width="96" Height="85" Offset="0xC8370"/>
        <Texture Name="gShadowTempleRoom12Basement3MinimapTex" OutName="shadow_temple_room_12_basement_3_minimap" Format="i4" Width="96" Height="85" Offset="0xC9360"/>
        <Texture Name="gShadowTempleRoom13MinimapTex" OutName="shadow_temple_room_13_minimap" Format="i4" Width="96" Height="85" Offset="0xCA350"/>
        <Texture Name="gShadowTempleRoom14Basement3MinimapTex" OutName="shadow_temple_room_14_basement_3_minimap" Format="i4" Width="96" Height="85" Offset="0xCB340"/>
        <Texture Name="gShadowTempleRoom15MinimapTex" OutName="shadow_temple_room_15_minimap" Format="i4" Width="96" Height="85" Offset="0xCC330"/>
        <Texture Name="gShadowTempleRoom16MinimapTex" OutName="shadow_temple_room_16_minimap" Format="i4" Width="96" Height="85" Offset="0xCD320"/>
        <Texture Name="gShadowTempleRoom17MinimapTex" OutName="shadow_temple_room_17_minimap" Format="i4" Width="96" Height="85" Offset="0xCE310"/>
        <Texture Name="gShadowTempleRoom18MinimapTex" OutName="shadow_temple_room_18_minimap" Format="i4" Width="96" Height="85" Offset="0xCF300"/>
        <Texture Name="gShadowTempleRoom19MinimapTex" OutName="shadow_temple_room_19_minimap" Format="i4" Width="96" Height="85" Offset="0xD02F0"/>
        <Texture Name="gShadowTempleRoom20MinimapTex" OutName="shadow_temple_room_20_minimap" Format="i4" Width="96" Height="85" Offset="0xD12E0"/>
        <Texture Name="gShadowTempleRoom21Basement3MinimapTex" OutName="shadow_temple_room_21_basement_3_minimap" Format="i4" Width="96" Height="85" Offset="0xD22D0"/>
        <Texture Name="gShadowTempleRoom8Basement3MinimapTex" OutName="shadow_temple_room_8_basement_3_minimap" Format="i4" Width="96" Height="85" Offset="0xD32C0"/>
        <Texture Name="gShadowTempleRoom9Basement4MinimapTex" OutName="shadow_temple_room_9_basement_4_minimap" Format="i4" Width="96" Height="85" Offset="0xD42B0"/>
        <Texture Name="gShadowTempleRoom12Basement4MinimapTex" OutName="shadow_temple_room_12_basement_4_minimap" Format="i4" Width="96" Height="85" Offset="0xD52A0"/>
        <Texture Name="gShadowTempleRoom14Basement4MinimapTex" OutName="shadow_temple_room_14_basement_4_minimap" Format="i4" Width="96" Height="85" Offset="0xD6290"/>
        <Texture Name="gShadowTempleRoom21Basement4MinimapTex" OutName="shadow_temple_room_21_basement_4_minimap" Format="i4" Width="96" Height="85" Offset="0xD7280"/>
        <Texture Name="gBottomOfTheWellRoom0Basement1MinimapTex" OutName="bottom_of_the_well_room_0_basement_1_minimap" Format="i4" Width="96" Height="85" Offset="0xD8270"/>
        <Texture Name="gBottomOfTheWellRoom1Basement1MinimapTex" OutName="bottom_of_the_well_room_1_basement_1_minimap" Format="i4" Width="96" Height="85" Offset="0xD9260"/>
        <Texture Name="gBottomOfTheWellRoom2MinimapTex" OutName="bottom_of_the_well_room_2_minimap" Format="i4" Width="96" Height="85" Offset="0xDA250"/>
        <Texture Name="gBottomOfTheWellRoom3MinimapTex" OutName="bottom_of_the_well_room_3_minimap" Format="i4" Width="96" Height="85" Offset="0xDB240"/>
        <Texture Name="gBottomOfTheWellRoom4MinimapTex" OutName="bottom_of_the_well_room_4_minimap" Format="i4" Width="96" Height="85" Offset="0xDC230"/>
        <Texture Name="gBottomOfTheWellRoom5MinimapTex" OutName="bottom_of_the_well_room_5_minimap" Format="i4" Width="96" Height="85" Offset="0xDD220"/>
        <Texture Name="gBottomOfTheWellRoom6MinimapTex" OutName="bottom_of_the_well_room_6_minimap" Format="i4" Width="96" Height="85" Offset="0xDE210"/>
        <Texture Name="gBottomOfTheWellRoom0Basement2MinimapTex" OutName="bottom_of_the_well_room_0_basement_2_minimap" Format="i4" Width="96" Height="85" Offset="0xDF200"/>
        <Texture Name="gBottomOfTheWellRoom1Basement2MinimapTex" OutName="bottom_of_the_well_room_1_basement_2_minimap" Format="i4" Width="96" Height="85" Offset="0xE01F0"/>
        <Texture Name="gBottomOfTheWellRoom1Basement3MinimapTex" OutName="bottom_of_the_well_room_1_basement_3_minimap" Format="i4" Width="96" Height="85" Offset="0xE11E0"/>
        <Texture Name="gIceCavernRoom0MinimapTex" OutName="ice_cavern_room_0_minimap" Format="i4" Width="96" Height="85" Offset="0xE21D0"/>
        <Texture Name="gIceCavernRoom1MinimapTex" OutName="ice_cavern_room_1_minimap" Format="i4" Width="96" Height="85" Offset="0xE31C0"/>
        <Texture Name="gIceCavernRoom2MinimapTex" OutName="ice_cavern_room_2_minimap" Format="i4" Width="96" Height="85" Offset="0xE41B0"/>
        <Texture Name="gIceCavernRoom3MinimapTex" OutName="ice_cavern_room_3_minimap" Format="i4" Width="96" Height="85" Offset="0xE51A0"/>
        <Texture Name="gIceCavernRoom4MinimapTex" OutName="ice_cavern_room_4_minimap" Format="i4" Width="96" Height="85" Offset="0xE6190"/>
        <Texture Name="gIceCavernRoom5MinimapTex" OutName="ice_cavern_room_5_minimap" Format="i4" Width="96" Height="85" Offset="0xE7180"/>
        <Texture Name="gIceCavernRoom6MinimapTex" OutName="ice_cavern_room_6_minimap" Format="i4" Width="96" Height="85" Offset="0xE8170"/>
        <Texture Name="gIceCavernRoom7MinimapTex" OutName="ice_cavern_room_7_minimap" Format="i4" Width="96" Height="85" Offset="0xE9160"/>
        <Texture Name="gIceCavernRoom8MinimapTex" OutName="ice_cavern_room_8_minimap" Format="i4" Width="96" Height="85" Offset="0xEA150"/>
        <Texture Name="gIceCavernRoom9MinimapTex" OutName="ice_cavern_room_9_minimap" Format="i4" Width="96" Height="85" Offset="0xEB140"/>
        <Texture Name="gIceCavernRoom10MinimapTex" OutName="ice_cavern_room_10_minimap" Format="i4" Width="96" Height="85" Offset="0xEC130"/>
        <Texture Name="gIceCavernRoom11MinimapTex" OutName="ice_cavern_room_11_minimap" Format="i4" Width="96" Height="85" Offset="0xED120"/>
     </File>
</Root>
