<Root>
    <File Name="map_48x85_static" Segment="12">
        <Texture Name="gDekuTreePauseScreenMapFloor3LeftTex" OutName="deku_tree_pause_screen_map_floor_3_left" Format="ci4" Width="48" Height="85" Offset="0x0"/>
        <Texture Name="gDekuTreePauseScreenMapFloor3RightTex" OutName="deku_tree_pause_screen_map_floor_3_right" Format="ci4" Width="48" Height="85" Offset="0x07F8"/>
        <Texture Name="gDekuTreePauseScreenMapFloor2LeftTex" OutName="deku_tree_pause_screen_map_floor_2_left" Format="ci4" Width="48" Height="85" Offset="0x0FF0"/>
        <Texture Name="gDekuTreePauseScreenMapFloor2RightTex" OutName="deku_tree_pause_screen_map_floor_2_right" Format="ci4" Width="48" Height="85" Offset="0x17E8"/>
        <Texture Name="gDekuTreePauseScreenMapFloor1LeftTex" OutName="deku_tree_pause_screen_map_floor_1_left" Format="ci4" Width="48" Height="85" Offset="0x1FE0"/>
        <Texture Name="gDekuTreePauseScreenMapFloor1RightTex" OutName="deku_tree_pause_screen_map_floor_1_right" Format="ci4" Width="48" Height="85" Offset="0x27D8"/>
        <Texture Name="gDekuTreePauseScreenMapBasement1LeftTex" OutName="deku_tree_pause_screen_map_basement_1_left" Format="ci4" Width="48" Height="85" Offset="0x2FD0"/>
        <Texture Name="gDekuTreePauseScreenMapBasement1RightTex" OutName="deku_tree_pause_screen_map_basement_1_right" Format="ci4" Width="48" Height="85" Offset="0x37C8"/>
        <Texture Name="gDekuTreePauseScreenMapBasement2LeftTex" OutName="deku_tree_pause_screen_map_basement_2_left" Format="ci4" Width="48" Height="85" Offset="0x3FC0"/>
        <Texture Name="gDekuTreePauseScreenMapBasement2RightTex" OutName="deku_tree_pause_screen_map_basement_2_right" Format="ci4" Width="48" Height="85" Offset="0x47B8"/>
        <Texture Name="gDodongosCavernPauseScreenMapFloor2LeftTex" OutName="dodongos_cavern_pause_screen_map_floor_2_left" Format="ci4" Width="48" Height="85" Offset="0x4FB0"/>
        <Texture Name="gDodongosCavernPauseScreenMapFloor2RightTex" OutName="dodongos_cavern_pause_screen_map_floor_2_right" Format="ci4" Width="48" Height="85" Offset="0x57A8"/>
        <Texture Name="gDodongosCavernPauseScreenMapFloor1LeftTex" OutName="dodongos_cavern_pause_screen_map_floor_1_left" Format="ci4" Width="48" Height="85" Offset="0x5FA0"/>
        <Texture Name="gDodongosCavernPauseScreenMapFloor1RightTex" OutName="dodongos_cavern_pause_screen_map_floor_1_right" Format="ci4" Width="48" Height="85" Offset="0x6798"/>
        <Texture Name="gJabuPauseScreenMapFloor1LeftTex" OutName="jabu_pause_screen_map_floor_1_left" Format="ci4" Width="48" Height="85" Offset="0x6F90"/>
        <Texture Name="gJabuPauseScreenMapFloor1RightTex" OutName="jabu_pause_screen_map_floor_1_right" Format="ci4" Width="48" Height="85" Offset="0x7788"/>
        <Texture Name="gJabuPauseScreenMapBasement1LeftTex" OutName="jabu_pause_screen_map_basement_1_left" Format="ci4" Width="48" Height="85" Offset="0x7F80"/>
        <Texture Name="gJabuPauseScreenMapBasement1RightTex" OutName="jabu_pause_screen_map_basement_1_right" Format="ci4" Width="48" Height="85" Offset="0x8778"/>
        <Texture Name="gForestTemplePauseScreenMapFloor2LeftTex" OutName="forest_temple_pause_screen_map_floor_2_left" Format="ci4" Width="48" Height="85" Offset="0x8F70"/>
        <Texture Name="gForestTemplePauseScreenMapFloor2RightTex" OutName="forest_temple_pause_screen_map_floor_2_right" Format="ci4" Width="48" Height="85" Offset="0x9768"/>
        <Texture Name="gForestTemplePauseScreenMapFloor1LeftTex" OutName="forest_temple_pause_screen_map_floor_1_left" Format="ci4" Width="48" Height="85" Offset="0x9F60"/>
        <Texture Name="gForestTemplePauseScreenMapFloor1RightTex" OutName="forest_temple_pause_screen_map_floor_1_right" Format="ci4" Width="48" Height="85" Offset="0xA758"/>
        <Texture Name="gForestTemplePauseScreenMapBasement1LeftTex" OutName="forest_temple_pause_screen_map_basement_1_left" Format="ci4" Width="48" Height="85" Offset="0xAF50"/>
        <Texture Name="gForestTemplePauseScreenMapBasement1RightTex" OutName="forest_temple_pause_screen_map_basement_1_right" Format="ci4" Width="48" Height="85" Offset="0xB748"/>
        <Texture Name="gForestTemplePauseScreenMapBasement2LeftTex" OutName="forest_temple_pause_screen_map_basement_2_left" Format="ci4" Width="48" Height="85" Offset="0xBF40"/>
        <Texture Name="gForestTemplePauseScreenMapBasement2RightTex" OutName="forest_temple_pause_screen_map_basement_2_right" Format="ci4" Width="48" Height="85" Offset="0xC738"/>
        <Texture Name="gFireTemplePauseScreenMapFloor5LeftTex" OutName="fire_temple_pause_screen_map_floor_5_left" Format="ci4" Width="48" Height="85" Offset="0xCF30"/>
        <Texture Name="gFireTemplePauseScreenMapFloor5RightTex" OutName="fire_temple_pause_screen_map_floor_5_right" Format="ci4" Width="48" Height="85" Offset="0xD728"/>
        <Texture Name="gFireTemplePauseScreenMapFloor4LeftTex" OutName="fire_temple_pause_screen_map_floor_4_left" Format="ci4" Width="48" Height="85" Offset="0xDF20"/>
        <Texture Name="gFireTemplePauseScreenMapFloor4RightTex" OutName="fire_temple_pause_screen_map_floor_4_right" Format="ci4" Width="48" Height="85" Offset="0xE718"/>
        <Texture Name="gFireTemplePauseScreenMapFloor3LeftTex" OutName="fire_temple_pause_screen_map_floor_3_left" Format="ci4" Width="48" Height="85" Offset="0xEF10"/>
        <Texture Name="gFireTemplePauseScreenMapFloor3RightTex" OutName="fire_temple_pause_screen_map_floor_3_right" Format="ci4" Width="48" Height="85" Offset="0xF708"/>
        <Texture Name="gFireTemplePauseScreenMapFloor2LeftTex" OutName="fire_temple_pause_screen_map_floor_2_left" Format="ci4" Width="48" Height="85" Offset="0xFF00"/>
        <Texture Name="gFireTemplePauseScreenMapFloor2RightTex" OutName="fire_temple_pause_screen_map_floor_2_right" Format="ci4" Width="48" Height="85" Offset="0x106F8"/>
        <Texture Name="gFireTemplePauseScreenMapFloor1LeftTex" OutName="fire_temple_pause_screen_map_floor_1_left" Format="ci4" Width="48" Height="85" Offset="0x10EF0"/>
        <Texture Name="gFireTemplePauseScreenMapFloor1RightTex" OutName="fire_temple_pause_screen_map_floor_1_right" Format="ci4" Width="48" Height="85" Offset="0x116E8"/>
        <Texture Name="gWaterTemplePauseScreenMapFloor3LeftTex" OutName="water_temple_pause_screen_map_floor_3_left" Format="ci4" Width="48" Height="85" Offset="0x11EE0"/>
        <Texture Name="gWaterTemplePauseScreenMapFloor3RightTex" OutName="water_temple_pause_screen_map_floor_3_right" Format="ci4" Width="48" Height="85" Offset="0x126D8"/>
        <Texture Name="gWaterTemplePauseScreenMapFloor2LeftTex" OutName="water_temple_pause_screen_map_floor_2_left" Format="ci4" Width="48" Height="85" Offset="0x12ED0"/>
        <Texture Name="gWaterTemplePauseScreenMapFloor2RightTex" OutName="water_temple_pause_screen_map_floor_2_right" Format="ci4" Width="48" Height="85" Offset="0x136C8"/>
        <Texture Name="gWaterTemplePauseScreenMapFloor1LeftTex" OutName="water_temple_pause_screen_map_floor_1_left" Format="ci4" Width="48" Height="85" Offset="0x13EC0"/>
        <Texture Name="gWaterTemplePauseScreenMapFloor1RightTex" OutName="water_temple_pause_screen_map_floor_1_right" Format="ci4" Width="48" Height="85" Offset="0x146B8"/>
        <Texture Name="gWaterTemplePauseScreenMapBasement1LeftTex" OutName="water_temple_pause_screen_map_basement_1_left" Format="ci4" Width="48" Height="85" Offset="0x14EB0"/>
        <Texture Name="gWaterTemplePauseScreenMapBasement1RightTex" OutName="water_temple_pause_screen_map_basement_1_right" Format="ci4" Width="48" Height="85" Offset="0x156A8"/>
        <Texture Name="gSpiritTemplePauseScreenMapFloor4LeftTex" OutName="spirit_temple_pause_screen_map_floor_4_left" Format="ci4" Width="48" Height="85" Offset="0x15EA0"/>
        <Texture Name="gSpiritTemplePauseScreenMapFloor4RightTex" OutName="spirit_temple_pause_screen_map_floor_4_right" Format="ci4" Width="48" Height="85" Offset="0x16698"/>
        <Texture Name="gSpiritTemplePauseScreenMapFloor3LeftTex" OutName="spirit_temple_pause_screen_map_floor_3_left" Format="ci4" Width="48" Height="85" Offset="0x16E90"/>
        <Texture Name="gSpiritTemplePauseScreenMapFloor3RightTex" OutName="spirit_temple_pause_screen_map_floor_3_right" Format="ci4" Width="48" Height="85" Offset="0x17688"/>
        <Texture Name="gSpiritTemplePauseScreenMapFloor2LeftTex" OutName="spirit_temple_pause_screen_map_floor_2_left" Format="ci4" Width="48" Height="85" Offset="0x17E80"/>
        <Texture Name="gSpiritTemplePauseScreenMapFloor2RightTex" OutName="spirit_temple_pause_screen_map_floor_2_right" Format="ci4" Width="48" Height="85" Offset="0x18678"/>
        <Texture Name="gSpiritTemplePauseScreenMapFloor1LeftTex" OutName="spirit_temple_pause_screen_map_floor_1_left" Format="ci4" Width="48" Height="85" Offset="0x18E70"/>
        <Texture Name="gSpiritTemplePauseScreenMapFloor1RightTex" OutName="spirit_temple_pause_screen_map_floor_1_right" Format="ci4" Width="48" Height="85" Offset="0x19668"/>
        <Texture Name="gShadowTemplePauseScreenMapBasement1LeftTex" OutName="shadow_temple_pause_screen_map_basement_1_left" Format="ci4" Width="48" Height="85" Offset="0x19E60"/>
        <Texture Name="gShadowTemplePauseScreenMapBasement1RightTex" OutName="shadow_temple_pause_screen_map_basement_1_right" Format="ci4" Width="48" Height="85" Offset="0x1A658"/>
        <Texture Name="gShadowTemplePauseScreenMapBasement2LeftTex" OutName="shadow_temple_pause_screen_map_basement_2_left" Format="ci4" Width="48" Height="85" Offset="0x1AE50"/>
        <Texture Name="gShadowTemplePauseScreenMapBasement2RightTex" OutName="shadow_temple_pause_screen_map_basement_2_right" Format="ci4" Width="48" Height="85" Offset="0x1B648"/>
        <Texture Name="gShadowTemplePauseScreenMapBasement3LeftTex" OutName="shadow_temple_pause_screen_map_basement_3_left" Format="ci4" Width="48" Height="85" Offset="0x1BE40"/>
        <Texture Name="gShadowTemplePauseScreenMapBasement3RightTex" OutName="shadow_temple_pause_screen_map_basement_3_right" Format="ci4" Width="48" Height="85" Offset="0x1C638"/>
        <Texture Name="gShadowTemplePauseScreenMapBasement4LeftTex" OutName="shadow_temple_pause_screen_map_basement_4_left" Format="ci4" Width="48" Height="85" Offset="0x1CE30"/>
        <Texture Name="gShadowTemplePauseScreenMapBasement4RightTex" OutName="shadow_temple_pause_screen_map_basement_4_right" Format="ci4" Width="48" Height="85" Offset="0x1D628"/>
        <Texture Name="gBottomOfTheWellPauseScreenMapBasement1LeftTex" OutName="bottom_of_the_well_pause_screen_map_basement_1_left" Format="ci4" Width="48" Height="85" Offset="0x1DE20"/>
        <Texture Name="gBottomOfTheWellPauseScreenMapBasement1RightTex" OutName="bottom_of_the_well_pause_screen_map_basement_1_right" Format="ci4" Width="48" Height="85" Offset="0x1E618"/>
        <Texture Name="gBottomOfTheWellPauseScreenMapBasement2LeftTex" OutName="bottom_of_the_well_pause_screen_map_basement_2_left" Format="ci4" Width="48" Height="85" Offset="0x1EE10"/>
        <Texture Name="gBottomOfTheWellPauseScreenMapBasement2RightTex" OutName="bottom_of_the_well_pause_screen_map_basement_2_right" Format="ci4" Width="48" Height="85" Offset="0x1F608"/>
        <Texture Name="gBottomOfTheWellPauseScreenMapBasement3LeftTex" OutName="bottom_of_the_well_pause_screen_map_basement_3_left" Format="ci4" Width="48" Height="85" Offset="0x1FE00"/>
        <Texture Name="gBottomOfTheWellPauseScreenMapBasement3RightTex" OutName="bottom_of_the_well_pause_screen_map_basement_3_right" Format="ci4" Width="48" Height="85" Offset="0x205F8"/>
        <Texture Name="gIceCavernPauseScreenMapFloor1LeftTex" OutName="ice_cavern_pause_screen_map_floor_1_left" Format="ci4" Width="48" Height="85" Offset="0x20DF0"/>
        <Texture Name="gIceCavernPauseScreenMapFloor1RightTex" OutName="ice_cavern_pause_screen_map_floor_1_right" Format="ci4" Width="48" Height="85" Offset="0x215E8"/>
    </File>
</Root>