<Root>
    <File Name="ovl_End_Title" BaseAddress="0x80B3F920" RangeStart="0x6E0" RangeEnd="0x4128">
        <Texture Name="sTheLegendOfZeldaTex" OutName="the_legend_of_zelda" Format="ia8" Width="120" Height="24" Offset="0x6E0"/>
        <Texture Name="sOcarinaOfTimeTex" OutName="ocarina_of_time" Format="ia8" Width="112" Height="16" Offset="0x1220"/>
        <Texture Name="sTheEndTex" OutName="the_end" Format="ia8" Width="80" Height="24" Offset="0x1920"/>
        <Texture Name="sNintendoLeftTex" OutName="nintendo_left" Format="ia8" Width="64" Height="48" Offset="0x20A0"/>
        <Texture Name="sNintendoRightTex" OutName="nintendo_right" Format="ia8" Width="64" Height="48" Offset="0x2CA0"/>
        <Texture Name="sPresentedByTex" OutName="presented_by" Format="ia8" Width="96" Height="16" Offset="0x38A0"/>
        
        <Array Name="sTriforceVtx" Count="6" Offset="0x3EA0">
            <Vtx/>
        </Array>
        <DList Name="sTriforceDL" Offset="0x3F00"/>
        
        <DList Name="sPresentedByNintendoDL" Offset="0x3F60"/>
    </File>
</Root>
