<Root>
    <File Name="ovl_Arrow_Light" BaseAddress="0x80866350" RangeStart="0x9B0" RangeEnd="0x1DD0">
        <Texture Name="s1Tex" OutName="light_tex_1" Format="i8" Width="32" Height="64" Offset="0x9B0" Static="On"/>
        <Texture Name="s2Tex" OutName="light_tex_2" Format="i8" Width="32" Height="64" Offset="0x11B0" Static="On"/>
        <Array Name="sVtx" Count="43" Offset="0x19B0" Static="On">
            <Vtx/>
        </Array>
        <DList Name="sMaterialDL" Offset="0x1C60" Static="On"/>
        <DList Name="sModelDL" Offset="0x1D10" Static="On"/>
    </File>
</Root>
