﻿<Root>
    <!-- Assets for Big Poes -->
    <File Name="object_bigpo" Segment="6">
        <Animation Name="gBigPoeSwingLampAttackAnim" Offset="0x158" /> <!-- Original name is "pog_atack" -->
        <Animation Name="gBigPoeShockAnim" Offset="0x454" /> <!-- Original name is "pog_damage" -->
        <Animation Name="gBigPoeBackpedalAnim" Offset="0x608" /> <!-- Original name is "pog_escape" -->
        <Animation Name="gBigPoeFloatAnim" Offset="0x924" /> <!-- Original name is "pog_fly" -->
        <Animation Name="gBigPoeAwakenSpawnAnim" Offset="0xF9C" /> <!-- Original name is "pog_start" -->
        <Animation Name="gBigPoeAwakenStretchAnim" Offset="0x1360" /> <!-- Original name is "pog_wait" -->
        <Texture Name="gBigPoeSoulFaceTex" OutName="bigpo_soul_face" Format="i8" Width="32" Height="64" Offset="0x1370" />
        <DList Name="gBigPoeSoulDL" Offset="0x1BB0" /> <!-- Original name is "bigpo_soul_modelT" -->
        <Texture Name="gBigPoeNecklaceSkullHalfTex" OutName="bigpo_skull_necklace" Format="rgba16" Width="16" Height="16" Offset="0x1C70" />
        <Texture Name="gBigPoeLanternGlassTex" OutName="bigpo_lantern_glass" Format="rgba16" Width="16" Height="16" Offset="0x1E70" />
        <Texture Name="gBigPoeTornRobeTex" OutName="bigpo_torn_robe" Format="rgba16" Width="32" Height="32" Offset="0x2070" />
        <Texture Name="gBigPoeArmSectionTex" OutName="bigpo_arm_section" Format="rgba16" Width="16" Height="16" Offset="0x2870" />
        <Texture Name="gBigPoeHoodEdgeTex" OutName="bigpo_hood_edge" Format="rgba16" Width="8" Height="8" Offset="0x2A70" />
        <Texture Name="gBigPoeNecklaceBeadsTex" OutName="bigpo_necklace_beads" Format="rgba16" Width="16" Height="8" Offset="0x2AF0" />
        <Texture Name="gBigPoeShawlTex" OutName="bigpo_shawl" Format="rgba16" Width="16" Height="16" Offset="0x2BF0" />
        <Texture Name="gBigPoeGlowingEyeTex" OutName="bigpo_glowing_eye" Format="rgba16" Width="16" Height="16" Offset="0x2DF0" />
        <!-- Carried over from object_po_field from OoT. Field Poes and Big Poes shared assets, -->
        <!-- but certain DLists/Vtx were dropped, so some remain unused  -->
        <!-- These 5 vtx were likely grouped as one, but they are separated out here for the used and unused sections -->
        <Array Name="gFieldPoeLanternVtx" Count="33" Offset="0x2FF0">
            <Vtx/>
        </Array>
        <Array Name="gFieldPoeBodyAndFaceVtx" Count="53" Offset="0x3200"> <!-- Unused -->
            <Vtx/>
        </Array>
        <Array Name="gFieldPoeArmVtx" Count="36" Offset="0x3550">
            <Vtx/>
        </Array>
        <Array Name="gFieldPoeCloakVtx" Count="55" Offset="0x3790"> <!-- Unused -->
            <Vtx/>
        </Array>
        <Array Name="gFieldPoeFaceHoodRobeVtx" Count="106" Offset="0x3B00">
            <Vtx/>
        </Array>
        <DList Name="gBigPoeLanternFallingDL" Offset="0x41A0" /> <!-- Original name is "pog_kantera_hahen_model" ("kantera" = "lantern", "hahen" = "fragment") -->
        <DList Name="gBigPoeLanternMainDL" Offset="0x42C8" /> <!-- Original name is "poh_big_cantera" -->
        <DList Name="gBigPoeLanternPurpleTopDL" Offset="0x43F8" />
        <DList Name="gBigPoeHandDL" Offset="0x4488" />
        <DList Name="gBigPoeSmallArmDL" Offset="0x4538" />
        <DList Name="gBigPoeBigArmDL" Offset="0x45D8" />
        <DList Name="gBigPoeArmAndGrowthDL" Offset="0x4680" />
        <DList Name="gBigPoeMediumArmDL" Offset="0x4768" />
        <DList Name="gBigPoeNecklaceHoodShawlDL" Offset="0x4808" />
        <DList Name="gBigPoeFaceDL" Offset="0x4AE8" />
        <DList Name="gBigPoeLowerRobeDL" Offset="0x4BD8" />
        <Texture Name="gBigPoeCrispyPiecesTex" OutName="bigpo_crispy_pieces" Format="rgba16" Width="16" Height="16" Offset="0x4C98" />
        <Texture Name="gBigPoeCrispyEyesTex" OutName="bigpo_crispy_eyes" Format="rgba16" Width="8" Height="8" Offset="0x4E98" />
        <DList Name="gBigPoeCrispyBodyDL" Offset="0x58B8" />
        <Limb Name="gBigPoeFaceLimb" Type="Standard" EnumName="BIG_POE_LIMB_FACE" Offset="0x5B88" />
        <Limb Name="gBigPoeLeftUpperArmLimb" Type="Standard" EnumName="BIG_POE_LIMB_LEFT_UPPER_ARM" Offset="0x5B94" />
        <Limb Name="gBigPoeLeftForearmLimb" Type="Standard" EnumName="BIG_POE_LIMB_LEFT_FOREARM" Offset="0x5BA0" />
        <Limb Name="gBigPoeRightUpperArmLimb" Type="Standard" EnumName="BIG_POE_LIMB_RIGHT_UPPER_ARM" Offset="0x5BAC" />
        <Limb Name="gBigPoeRightForearmLimb" Type="Standard" EnumName="BIG_POE_LIMB_RIGHT_FOREARM" Offset="0x5BB8" />
        <Limb Name="gBigPoeRightHandLimb" Type="Standard" EnumName="BIG_POE_LIMB_RIGHT_HAND" Offset="0x5BC4" />
        <Limb Name="gBigPoeLanternLimb" Type="Standard" EnumName="BIG_POE_LIMB_LANTERN" Offset="0x5BD0" />
        <Limb Name="gBigPoeHatAndCloakLimb" Type="Standard" EnumName="BIG_POE_LIMB_HAT_AND_CLOAK" Offset="0x5BDC" />
        <Limb Name="gBigPoeLowerRobeLimb" Type="Standard" EnumName="BIG_POE_LIMB_LOWER_ROBE" Offset="0x5BE8" />
        <Skeleton Name="gBigPoeSkel" Type="Normal" LimbType="Standard" LimbNone="BIG_POE_LIMB_NONE" LimbMax="BIG_POE_LIMB_MAX" EnumName="BigPoeLimb" Offset="0x5C18" />
    </File>
</Root>
