﻿<Root>
    <File Name="object_js" Segment="6">
        <Animation Name="object_js_Anim_00016C" Offset="0x16C" /> <!-- Original name is "js_chigau" -->
        <Animation Name="object_js_Anim_0003DC" Offset="0x3DC" /> <!-- Original name is "js_chigau2wait" -->
        <Animation Name="object_js_Anim_000AD4" Offset="0xAD4" /> <!-- Original name is "js_furueru" -->
        <Animation Name="object_js_Anim_000C7C" Offset="0xC7C" /> <!-- Original name is "js_maido" -->
        <Animation Name="object_js_Anim_000F4C" Offset="0xF4C" /> <!-- Original name is "js_matsu" -->
        <DList Name="object_js_DL_003F30" Offset="0x3F30" />
        <DList Name="object_js_DL_004510" Offset="0x4510" />
        <DList Name="object_js_DL_004688" Offset="0x4688" />
        <DList Name="object_js_DL_004868" Offset="0x4868" />
        <DList Name="object_js_DL_004B60" Offset="0x4B60" />
        <DList Name="object_js_DL_004EA0" Offset="0x4EA0" />
        <DList Name="object_js_DL_004FD0" Offset="0x4FD0" />
        <DList Name="object_js_DL_005178" Offset="0x5178" />
        <DList Name="object_js_DL_0052D8" Offset="0x52D8" />
        <DList Name="object_js_DL_005408" Offset="0x5408" />
        <DList Name="object_js_DL_0055B0" Offset="0x55B0" />
        <Texture Name="object_js_TLUT_005710" OutName="tlut_005710" Format="rgba16" Width="16" Height="16" Offset="0x5710" />
        <Texture Name="object_js_Tex_005910" OutName="tex_005910" Format="ci8" Width="8" Height="16" Offset="0x5910" />
        <Texture Name="object_js_Tex_005990" OutName="tex_005990" Format="ci8" Width="16" Height="16" Offset="0x5990" />
        <Texture Name="object_js_Tex_005A90" OutName="tex_005A90" Format="ci8" Width="32" Height="16" Offset="0x5A90" />
        <Texture Name="object_js_Tex_005C90" OutName="tex_005C90" Format="ci8" Width="8" Height="8" Offset="0x5C90" />
        <Texture Name="object_js_Tex_005CD0" OutName="tex_005CD0" Format="ci8" Width="32" Height="32" Offset="0x5CD0" />
        <Texture Name="object_js_Tex_0060D0" OutName="tex_0060D0" Format="ci8" Width="16" Height="16" Offset="0x60D0" />
        <Texture Name="object_js_Tex_0061D0" OutName="tex_0061D0" Format="ci8" Width="16" Height="32" Offset="0x61D0" />
        <Texture Name="object_js_Tex_0063D0" OutName="tex_0063D0" Format="ci8" Width="16" Height="32" Offset="0x63D0" />
        <Texture Name="object_js_Tex_0065D0" OutName="tex_0065D0" Format="ci8" Width="16" Height="32" Offset="0x65D0" />
        <Texture Name="object_js_Tex_0067D0" OutName="tex_0067D0" Format="ci8" Width="16" Height="16" Offset="0x67D0" />
        <Limb Name="object_js_Standardlimb_0068D0" Type="Standard" EnumName="OBJECT_JS_LIMB_01" Offset="0x68D0" />
        <Limb Name="object_js_Standardlimb_0068DC" Type="Standard" EnumName="OBJECT_JS_LIMB_02" Offset="0x68DC" />
        <Limb Name="object_js_Standardlimb_0068E8" Type="Standard" EnumName="OBJECT_JS_LIMB_03" Offset="0x68E8" />
        <Limb Name="object_js_Standardlimb_0068F4" Type="Standard" EnumName="OBJECT_JS_LIMB_04" Offset="0x68F4" />
        <Limb Name="object_js_Standardlimb_006900" Type="Standard" EnumName="OBJECT_JS_LIMB_05" Offset="0x6900" />
        <Limb Name="object_js_Standardlimb_00690C" Type="Standard" EnumName="OBJECT_JS_LIMB_06" Offset="0x690C" />
        <Limb Name="object_js_Standardlimb_006918" Type="Standard" EnumName="OBJECT_JS_LIMB_07" Offset="0x6918" />
        <Limb Name="object_js_Standardlimb_006924" Type="Standard" EnumName="OBJECT_JS_LIMB_08" Offset="0x6924" />
        <Limb Name="object_js_Standardlimb_006930" Type="Standard" EnumName="OBJECT_JS_LIMB_09" Offset="0x6930" />
        <Limb Name="object_js_Standardlimb_00693C" Type="Standard" EnumName="OBJECT_JS_LIMB_0A" Offset="0x693C" />
        <Limb Name="object_js_Standardlimb_006948" Type="Standard" EnumName="OBJECT_JS_LIMB_0B" Offset="0x6948" />
        <Limb Name="object_js_Standardlimb_006954" Type="Standard" EnumName="OBJECT_JS_LIMB_0C" Offset="0x6954" />
        <Skeleton Name="object_js_Skel_006990" Type="Flex" LimbType="Standard" LimbNone="OBJECT_JS_LIMB_NONE" LimbMax="OBJECT_JS_LIMB_MAX" EnumName="ObjectJsLimb" Offset="0x6990" />
        <Collision Name="object_js_Colheader_0069E8" Offset="0x69E8" /> <!-- Original name is "test_floor_bgdatainfo" -->
    </File>
</Root>
