﻿<Root>
    <File Name="object_delf" Segment="6">
        <Animation Name="object_delf_Anim_00046C" Offset="0x46C" /> <!-- Original name is "chat_bikkuri" -->
        <Animation Name="object_delf_Anim_00065C" Offset="0x65C" /> <!-- Original name is "chat_bikkuri_wait" -->
        <Animation Name="object_delf_Anim_0008E0" Offset="0x8E0" /> <!-- Original name is "chat_deru" -->
        <Animation Name="object_delf_Anim_000A94" Offset="0xA94" /> <!-- Original name is "chat_deru_wait" -->
        <Animation Name="object_delf_Anim_000E44" Offset="0xE44" /> <!-- Original name is "chat_fly_loop" -->
        <Animation Name="object_delf_Anim_0010F8" Offset="0x10F8" /> <!-- Original name is "chat_hena_wait" -->
        <Animation Name="object_delf_Anim_001410" Offset="0x1410" /> <!-- Original name is "chat_henahena" -->
        <Animation Name="object_delf_Anim_001754" Offset="0x1754" /> <!-- Original name is "chat_mae_wait" -->
        <Animation Name="object_delf_Anim_00199C" Offset="0x199C" /> <!-- Original name is "chat_modoru" -->
        <Animation Name="object_delf_Anim_001B28" Offset="0x1B28" /> <!-- Original name is "chat_nani_to_fly" -->
        <Animation Name="object_delf_Anim_001ED4" Offset="0x1ED4" /> <!-- Original name is "chat_nani_wait" -->
        <Animation Name="object_delf_Anim_003148" Offset="0x3148" /> <!-- Original name is "chat_okarina_play" -->
        <Animation Name="object_delf_Anim_00377C" Offset="0x377C" /> <!-- Original name is "chat_okarina_wait" -->
        <Animation Name="object_delf_Anim_003BB4" Offset="0x3BB4" /> <!-- Original name is "chat_sowasowa" -->
        <Animation Name="object_delf_Anim_003FAC" Offset="0x3FAC" /> <!-- Original name is "elf_amayadori" -->
        <Animation Name="object_delf_Anim_0042E8" Offset="0x42E8" /> <!-- Original name is "elf_amayadori2" -->
        <Animation Name="object_delf_Anim_004798" Offset="0x4798" /> <!-- Original name is "elf_amayadori_loop" -->
        <Animation Name="object_delf_Anim_004C44" Offset="0x4C44" /> <!-- Original name is "elf_amayadori_loop2" -->
        <Animation Name="object_delf_Anim_004FF4" Offset="0x4FF4" /> <!-- Original name is "elf_attack_1a" -->
        <Animation Name="object_delf_Anim_0053A4" Offset="0x53A4" /> <!-- Original name is "elf_attack_1b" -->
        <Animation Name="object_delf_Anim_005B68" Offset="0x5B68" /> <!-- Original name is "elf_attack_2a" -->
        <Animation Name="object_delf_Anim_006328" Offset="0x6328" /> <!-- Original name is "elf_attack_1b" -->
        <Animation Name="object_delf_Anim_006614" Offset="0x6614" /> <!-- Original name is "elf_bata_wait" -->
        <Animation Name="object_delf_Anim_006B28" Offset="0x6B28" /> <!-- Original name is "elf_boo" -->
        <Animation Name="object_delf_Anim_006D74" Offset="0x6D74" /> <!-- Original name is "elf_guru1" -->
        <Animation Name="object_delf_Anim_00706C" Offset="0x706C" /> <!-- Original name is "elf_guru1_loop" -->
        <Animation Name="object_delf_Anim_0072B0" Offset="0x72B0" /> <!-- Original name is "elf_guru2" -->
        <Animation Name="object_delf_Anim_007570" Offset="0x7570" /> <!-- Original name is "elf_guru2_loop" -->
        <Animation Name="object_delf_Anim_007B04" Offset="0x7B04" /> <!-- Original name is "elf_haigo_1" -->
        <Animation Name="object_delf_Anim_0080A4" Offset="0x80A4" /> <!-- Original name is "elf_haigo_2" -->
        <Animation Name="object_delf_Anim_00859C" Offset="0x859C" /> <!-- Original name is "elf_haigo_wait_1" -->
        <Animation Name="object_delf_Anim_008A44" Offset="0x8A44" /> <!-- Original name is "elf_haigo_wait_2" -->
        <Animation Name="object_delf_Anim_009010" Offset="0x9010" /> <!-- Original name is "elf_hataku" -->
        <Animation Name="object_delf_Anim_0091BC" Offset="0x91BC" /> <!-- Original name is "elf_hataku_kaodasi" -->
        <Animation Name="object_delf_Anim_0094B0" Offset="0x94B0" /> <!-- Original name is "elf_hataku_kaodasi_loop" -->
        <Animation Name="object_delf_Anim_0097C4" Offset="0x97C4" /> <!-- Original name is "elf_hataku_loop" -->
        <Animation Name="object_delf_Anim_009C4C" Offset="0x9C4C" /> <!-- Original name is "elf_hataku_mawarikomi" -->
        <Animation Name="object_delf_Anim_009F40" Offset="0x9F40" /> <!-- Original name is "elf_hataku_mawarikomi_loop" -->
        <Animation Name="object_delf_Anim_00A2A4" Offset="0xA2A4" /> <!-- Original name is "elf_hayai_turn" -->
        <Animation Name="object_delf_Anim_00A4B4" Offset="0xA4B4" /> <!-- Original name is "elf_ht_wait" -->
        <Animation Name="object_delf_Anim_00A7B4" Offset="0xA7B4" /> <!-- Original name is "elf_ikari" -->
        <Animation Name="object_delf_Anim_00AF78" Offset="0xAF78" /> <!-- Original name is "elf_kakureru" -->
        <Animation Name="object_delf_Anim_00B2B8" Offset="0xB2B8" /> <!-- Original name is "elf_kakureru_loop" -->
        <Animation Name="object_delf_Anim_00BCD8" Offset="0xBCD8" /> <!-- Original name is "elf_kizetu" -->
        <Animation Name="object_delf_Anim_00BDFC" Offset="0xBDFC" /> <!-- Original name is "elf_maederu" -->
        <Animation Name="object_delf_Anim_00C0BC" Offset="0xC0BC" /> <!-- Original name is "elf_maederu_loop" -->
        <Animation Name="object_delf_Anim_00C248" Offset="0xC248" /> <!-- Original name is "elf_mawarikomi" -->
        <Animation Name="object_delf_Anim_00C588" Offset="0xC588" /> <!-- Original name is "elf_mawarikomi_loop" -->
        <Animation Name="object_delf_Anim_00C690" Offset="0xC690" /> <!-- Original name is "elf_miwoyoseau" -->
        <Animation Name="object_delf_Anim_00C790" Offset="0xC790" /> <!-- Original name is "elf_miwoyoseau2" -->
        <Animation Name="object_delf_Anim_00CCD4" Offset="0xCCD4" /> <!-- Original name is "elf_modoru" -->
        <Animation Name="object_delf_Anim_00CEE0" Offset="0xCEE0" /> <!-- Original name is "elf_nanikairu2" -->
        <Animation Name="object_delf_Anim_00D260" Offset="0xD260" /> <!-- Original name is "elf_nanikairu_loop2" -->
        <Animation Name="object_delf_Anim_00E024" Offset="0xE024" /> <!-- Original name is "elf_okizari" -->
        <Animation Name="object_delf_Anim_00EB18" Offset="0xEB18" /> <!-- Original name is "elf_okizari_no" -->
        <Animation Name="object_delf_Anim_00EBB0" Offset="0xEBB0" /> <!-- Original name is "elf_okizari_sakebu" -->
        <Animation Name="object_delf_Anim_00EE30" Offset="0xEE30" /> <!-- Original name is "elf_okizari_sakebu_wait" -->
        <Animation Name="object_delf_Anim_00F0D0" Offset="0xF0D0" /> <!-- Original name is "elf_okizari_wait" -->
        <Animation Name="object_delf_Anim_00FB30" Offset="0xFB30" /> <!-- Original name is "elf_sakimawari_1" -->
        <Animation Name="object_delf_Anim_010590" Offset="0x10590" /> <!-- Original name is "elf_sakimawari_2" -->
        <Animation Name="object_delf_Anim_01088C" Offset="0x1088C" /> <!-- Original name is "elf_samui" -->
        <Animation Name="object_delf_Anim_011088" Offset="0x11088" /> <!-- Original name is "elf_seisi_1" -->
        <Animation Name="object_delf_Anim_0118FC" Offset="0x118FC" /> <!-- Original name is "elf_seisi_2" -->
        <Animation Name="object_delf_Anim_011C70" Offset="0x11C70" /> <!-- Original name is "elf_seisi_taiki_1" -->
        <Animation Name="object_delf_Anim_011FE0" Offset="0x11FE0" /> <!-- Original name is "elf_seisi_taiki_2" -->
        <Animation Name="object_delf_Anim_012388" Offset="0x12388" /> <!-- Original name is "elf_seisi_wait_1" -->
        <Animation Name="object_delf_Anim_012738" Offset="0x12738" /> <!-- Original name is "elf_seisi_wait_2" -->
        <Animation Name="object_delf_Anim_012BBC" Offset="0x12BBC" /> <!-- Original name is "elf_urusai" -->
        <Animation Name="object_delf_Anim_012EF8" Offset="0x12EF8" /> <!-- Original name is "elf_urusai_wait" -->
        <Animation Name="object_delf_Anim_013040" Offset="0x13040" /> <!-- Original name is "elf_usirohiku" -->
        <Animation Name="object_delf_Anim_013378" Offset="0x13378" /> <!-- Original name is "elf_usirohiku_loop" -->
        <Animation Name="object_delf_Anim_013BE0" Offset="0x13BE0" /> <!-- Original name is "elf_vs_yousei" -->
        <Animation Name="object_delf_Anim_013E80" Offset="0x13E80" /> <!-- Original name is "elf_vs_yousei_wait" -->
        <Animation Name="object_delf_Anim_014190" Offset="0x14190" /> <!-- Original name is "elf_yokeru" -->
        <Animation Name="object_delf_Anim_01447C" Offset="0x1447C" /> <!-- Original name is "elf_yokeru_loop" -->
        <Animation Name="object_delf_Anim_01498C" Offset="0x1498C" /> <!-- Original name is "elf_yorisou" -->
        <Animation Name="object_delf_Anim_014E9C" Offset="0x14E9C" /> <!-- Original name is "elf_yorisou_loop" -->
        <Animation Name="object_delf_Anim_015114" Offset="0x15114" /> <!-- Original name is "elf_yururi_wait" -->
    </File>
</Root>
