<Root>
    <File Name="object_ossan" Segment="6">
        <Texture Name="object_ossanTex_005078" OutName="object_ossanTex_005078" Format="ci8" Width="16" Height="16" Offset="0x5078" TlutOffset="0x4728" AddedByScript="true"/>
        <Texture Name="object_ossanTex_005178" OutName="object_ossanTex_005178" Format="ci8" Width="16" Height="16" Offset="0x5178" TlutOffset="0x4728" AddedByScript="true"/>
        <Texture Name="object_ossanTex_005278" OutName="object_ossanTex_005278" Format="ci8" Width="8" Height="8" Offset="0x5278" TlutOffset="0x4728" AddedByScript="true"/>
        <Texture Name="object_ossanTex_005AB8" OutName="object_ossanTex_005AB8" Format="ci8" Width="8" Height="8" Offset="0x5AB8" TlutOffset="0x4728" AddedByScript="true"/>
        <Texture Name="object_ossanTex_008A38" OutName="object_ossanTex_008A38" Format="rgba16" Width="8" Height="8" Offset="0x8A38" AddedByScript="true"/>
        <Texture Name="object_ossanTex_008AB8" OutName="object_ossanTex_008AB8" Format="rgba16" Width="16" Height="16" Offset="0x8AB8" AddedByScript="true"/>
        <Texture Name="object_ossanTex_008CB8" OutName="object_ossanTex_008CB8" Format="rgba16" Width="16" Height="16" Offset="0x8CB8" AddedByScript="true"/>
        <Texture Name="object_ossanTex_008EB8" OutName="object_ossanTex_008EB8" Format="rgba16" Width="32" Height="32" Offset="0x8EB8" AddedByScript="true"/>
        <Texture Name="object_ossanTex_0096B8" OutName="object_ossanTex_0096B8" Format="rgba16" Width="16" Height="16" Offset="0x96B8" AddedByScript="true"/>
        <Texture Name="object_ossanTex_0098B8" OutName="object_ossanTex_0098B8" Format="rgba16" Width="16" Height="16" Offset="0x98B8" AddedByScript="true"/>
        <Animation Name="gObjectOssanAnim_000338" Offset="0x338"/>
        <Texture Name="gOssanEyesTLUT" OutName="ossan_eyes_tlut" Format="rgba16" Width="63" Height="4" Offset="0x4530"/>
        <Texture Name="gOssanTLUT" OutName="ossan_tlut" Format="rgba16" Width="168" Height="1" Offset="0x4728"/>
        <Texture Name="gOssanEyeOpenTex" OutName="eye_open" Format="ci8" Width="32" Height="32" Offset="0x4878" TlutOffset="0x4530"/>
        <Texture Name="gOssanBeardTex" OutName="beard" Format="ci8" Width="32" Height="32" Offset="0x4C78" TlutOffset="0x4728"/>
        <Texture Name="gOssanEyeHalfTex" OutName="eye_half" Format="ci8" Width="32" Height="32" Offset="0x52B8" TlutOffset="0x4530"/>
        <Texture Name="gOssanEyeClosedTex" OutName="eye_closed" Format="ci8" Width="32" Height="32" Offset="0x56B8" TlutOffset="0x4530"/>
        <DList Name="gObjectOssanEnSyatekiManDL_007E28" Offset="0x7E28"/>
        <Skeleton Name="gObjectOssanSkel" Type="Flex" LimbType="Standard" Offset="0x9B38"/>
    </File>
</Root>
