<Root>
    <File Name="object_oB3" Segment="6">
        <Limb Name="object_oB3_Limb_00000000" LimbType="Standard" Offset="0x0"/>
        <Limb Name="object_oB3_Limb_0000000C" LimbType="Standard" Offset="0xC"/>
        <Limb Name="object_oB3_Limb_00000018" LimbType="Standard" Offset="0x18"/>
        <Limb Name="object_oB3_Limb_00000024" LimbType="Standard" Offset="0x24"/>
        <Limb Name="object_oB3_Limb_00000030" LimbType="Standard" Offset="0x30"/>
        <Limb Name="object_oB3_Limb_0000003C" LimbType="Standard" Offset="0x3C"/>
        <Limb Name="object_oB3_Limb_00000048" LimbType="Standard" Offset="0x48"/>
        <Limb Name="object_oB3_Limb_00000054" LimbType="Standard" Offset="0x54"/>
        <Limb Name="object_oB3_Limb_00000060" LimbType="Standard" Offset="0x60"/>
        <Limb Name="object_oB3_Limb_0000006C" LimbType="Standard" Offset="0x6C"/>
        <Limb Name="object_oB3_Limb_00000078" LimbType="Standard" Offset="0x78"/>
        <Limb Name="object_oB3_Limb_00000084" LimbType="Standard" Offset="0x84"/>
        <Limb Name="object_oB3_Limb_00000090" LimbType="Standard" Offset="0x90"/>
        <Limb Name="object_oB3_Limb_0000009C" LimbType="Standard" Offset="0x9C"/>
        <Limb Name="object_oB3_Limb_000000A8" LimbType="Standard" Offset="0xA8"/>
        <Limb Name="object_oB3_Limb_000000B4" LimbType="Standard" Offset="0xB4"/>
        <Limb Name="object_oB3_Limb_000000C0" LimbType="Standard" Offset="0xC0"/>
        <Limb Name="object_oB3_Limb_000000CC" LimbType="Standard" Offset="0xCC"/>
        <Limb Name="object_oB3_Limb_000000D8" LimbType="Standard" Offset="0xD8"/>
        <Limb Name="object_oB3_Limb_000000E4" LimbType="Standard" Offset="0xE4"/>
        <Limb Name="object_oB3_Limb_000000F0" LimbType="Standard" Offset="0xF0"/>
        <Limb Name="object_oB3_Limb_000000FC" LimbType="Standard" Offset="0xFC"/>
        <Limb Name="object_oB3_Limb_00000108" LimbType="Standard" Offset="0x108"/>
        <Limb Name="object_oB3_Limb_00000114" LimbType="Standard" Offset="0x114"/>
        <Limb Name="object_oB3_Limb_00000120" LimbType="Standard" Offset="0x120"/>
        <Limb Name="object_oB3_Limb_0000012C" LimbType="Standard" Offset="0x12C"/>
        <Limb Name="object_oB3_Limb_00000138" LimbType="Standard" Offset="0x138"/>
        <Limb Name="object_oB3_Limb_00000144" LimbType="Standard" Offset="0x144"/>
        <Limb Name="object_oB3_Limb_00000150" LimbType="Standard" Offset="0x150"/>
        <Limb Name="object_oB3_Limb_0000015C" LimbType="Standard" Offset="0x15C"/>
        <Limb Name="object_oB3_Limb_00000168" LimbType="Standard" Offset="0x168"/>
        <Limb Name="object_oB3_Limb_00000174" LimbType="Standard" Offset="0x174"/>
        <Limb Name="object_oB3_Limb_00000180" LimbType="Standard" Offset="0x180"/>
        <Limb Name="object_oB3_Limb_0000018C" LimbType="Standard" Offset="0x18C"/>
        <Limb Name="object_oB3_Limb_00000198" LimbType="Standard" Offset="0x198"/>
        <Limb Name="object_oB3_Limb_000001A4" LimbType="Standard" Offset="0x1A4"/>
        <Limb Name="object_oB3_Limb_000001B0" LimbType="Standard" Offset="0x1B0"/>
        <Limb Name="object_oB3_Limb_000001BC" LimbType="Standard" Offset="0x1BC"/>
        <Skeleton Name="object_oB3_Skel_00000260" Type="Normal" LimbType="Standard" Offset="0x260"/>
        <DList Name="object_oB3_DL_00001F28" Offset="0x1F28"/>
        <DList Name="object_oB3_DL_00002118" Offset="0x2118"/>
        <DList Name="object_oB3_DL_00002208" Offset="0x2208"/>
        <DList Name="object_oB3_DL_00002528" Offset="0x2528"/>
        <DList Name="object_oB3_DL_00002640" Offset="0x2640"/>
        <DList Name="object_oB3_DL_00002748" Offset="0x2748"/>
        <DList Name="object_oB3_DL_00002810" Offset="0x2810"/>
        <DList Name="object_oB3_DL_00002868" Offset="0x2868"/>
        <DList Name="object_oB3_DL_000028C0" Offset="0x28C0"/>
        <DList Name="object_oB3_DL_00002918" Offset="0x2918"/>
        <DList Name="object_oB3_DL_00002A30" Offset="0x2A30"/>
        <DList Name="object_oB3_DL_00002B38" Offset="0x2B38"/>
        <DList Name="object_oB3_DL_00002C00" Offset="0x2C00"/>
        <DList Name="object_oB3_DL_00002C58" Offset="0x2C58"/>
        <DList Name="object_oB3_DL_00002CB0" Offset="0x2CB0"/>
        <Texture Name="object_oB3_Tex_00002D08" OutName="tex_00002D08" Format="rgba16" Width="32" Height="16" Offset="0x2D08"/>
        <Texture Name="object_oB3_Tex_00003108" OutName="tex_00003108" Format="rgba16" Width="32" Height="16" Offset="0x3108"/>
        <Texture Name="object_oB3_Tex_00003508" OutName="tex_00003508" Format="rgba16" Width="8" Height="8" Offset="0x3508"/>
        <Texture Name="object_oB3_Tex_00003588" OutName="tex_00003588" Format="rgba16" Width="16" Height="16" Offset="0x3588"/>
        <Texture Name="object_oB3_Tex_00003788" OutName="tex_00003788" Format="rgba16" Width="16" Height="16" Offset="0x3788"/>
        <Texture Name="object_oB3_Tex_00003988" OutName="tex_00003988" Format="rgba16" Width="8" Height="8" Offset="0x3988"/>
        <Texture Name="object_oB3_Tex_00003A08" OutName="tex_00003A08" Format="rgba16" Width="8" Height="8" Offset="0x3A08"/>
        <Texture Name="object_oB3_Tex_00003A88" OutName="tex_00003A88" Format="rgba16" Width="8" Height="8" Offset="0x3A88"/>
        <Texture Name="object_oB3_Tex_00003B08" OutName="tex_00003B08" Format="rgba16" Width="32" Height="32" Offset="0x3B08"/>
        <Texture Name="object_oB3_Tex_00004308" OutName="tex_00004308" Format="rgba16" Width="8" Height="8" Offset="0x4308"/>
        <Texture Name="object_oB3_Tex_00004388" OutName="tex_00004388" Format="rgba16" Width="8" Height="8" Offset="0x4388"/>
        <Texture Name="object_oB3_Tex_00004408" OutName="tex_00004408" Format="rgba16" Width="8" Height="8" Offset="0x4408"/>
    </File>
</Root>
