<Root>
    <File Name="object_mag" Segment="6">
        <Texture Name="gTitleZeldaShieldLogoMQTex" OutName="title_zelda_shield_logo_mq" Format="rgba32" Width="160" Height="160" Offset="0x0"/>
        <Texture Name="gTitleCopyright19982002Tex" OutName="title_copyright_19982002" Format="ia8" Width="160" Height="16" Offset="0x19000"/>
        <Texture Name="gTitleCopyright19982003Tex" OutName="title_copyright_19982003" Format="ia8" Width="160" Height="16" Offset="0x19A00"/>
        <Texture Name="gTitleMasterQuestSubtitleTex" OutName="title_master_quest_subtitle" Format="rgba32" Width="128" Height="32" Offset="0x1A400"/>
        <Texture Name="gTitleEffectMask00Tex" OutName="title_effect_mask_0_0" Format="i4" Width="64" Height="64" Offset="0x20000"/>
        <Texture Name="gTitleEffectMask01Tex" OutName="title_effect_mask_0_1" Format="i4" Width="64" Height="64" Offset="0x20800"/>
        <Texture Name="gTitleEffectMask02Tex" OutName="title_effect_mask_0_2" Format="i4" Width="64" Height="64" Offset="0x21000"/>
        <Texture Name="gTitleEffectMask10Tex" OutName="title_effect_mask_1_0" Format="i4" Width="64" Height="64" Offset="0x21800"/>
        <Texture Name="gTitleEffectMask11Tex" OutName="title_effect_mask_1_1" Format="i4" Width="64" Height="64" Offset="0x22000"/>
        <Texture Name="gTitleEffectMask12Tex" OutName="title_effect_mask_1_2" Format="i4" Width="64" Height="64" Offset="0x22800"/>
        <Texture Name="gTitleEffectMask20Tex" OutName="title_effect_mask_2_0" Format="i4" Width="64" Height="64" Offset="0x23000"/>
        <Texture Name="gTitleEffectMask21Tex" OutName="title_effect_mask_2_1" Format="i4" Width="64" Height="64" Offset="0x23800"/>
        <Texture Name="gTitleEffectMask22Tex" OutName="title_effect_mask_2_2" Format="i4" Width="64" Height="64" Offset="0x24000"/>
        <Texture Name="gTitleFlameEffectTex" OutName="title_flame_effect" Format="i8" Width="32" Height="32" Offset="0x24800"/>
        <Texture Name="gTitleTheLegendOfTextTex" OutName="title_the_legend_of_text" Format="i8" Width="72" Height="8" Offset="0x24C00"/>
        <Texture Name="gTitleOcarinaOfTimeTMTextTex" OutName="title_ocarina_of_time_tm_text" Format="i8" Width="96" Height="8" Offset="0x24E40"/>
        <Texture Name="gTitleUraLogoTex" OutName="title_ura_logo" Format="rgba32" Width="40" Height="40" Offset="0x1E400"/>
        <Texture Name="gTitleDiskTex" OutName="title_disk" Format="ia8" Width="48" Height="16" Offset="0x1FD00"/>
        <Texture Name="gTitleTitleJPNTex" OutName="title_title_jpn" Format="i8" Width="128" Height="16" Offset="0x25140"/>
    </File>
</Root>
