﻿<Root>
    <File Name="gameplay_dangeon_keep" Segment="5">
        <DList Name="gDoorLockDL" Offset="0x140" /> <!-- Original name is "doorkagi_model" ("lock") -->
        <DList Name="gDoorChainDL" Offset="0x230" /> <!-- Original name is "doorkusari_model" ("chain") -->
        <Texture Name="gDoorLockTex" OutName="door_lock" Format="rgba16" Width="32" Height="32" Offset="0x2C0" />
        <Texture Name="gBossDoorLockTex" OutName="boss_door_lock" Format="rgba16" Width="32" Height="32" Offset="0xAC0" />
        <Texture Name="gDoorChainTex" OutName="door_chain" Format="rgba16" Width="16" Height="128" Offset="0x12C0" />
        <Texture Name="gameplay_dangeon_keep_Tex_0022C8" OutName="tex_0022C8" Format="i4" Width="96" Height="85" Offset="0x22C8" />
        <Texture Name="gameplay_dangeon_keep_Tex_0032C8" OutName="tex_0032C8" Format="i4" Width="96" Height="85" Offset="0x32C8" />
        <Texture Name="gameplay_dangeon_keep_Tex_0042C8" OutName="tex_0042C8" Format="i4" Width="96" Height="85" Offset="0x42C8" />
        <Texture Name="gameplay_dangeon_keep_Tex_0052C8" OutName="tex_0052C8" Format="i4" Width="96" Height="85" Offset="0x52C8" />
        <Texture Name="gameplay_dangeon_keep_Tex_0062C8" OutName="tex_0062C8" Format="i4" Width="96" Height="85" Offset="0x62C8" />
        <DList Name="gameplay_dangeon_keep_DL_007300" Offset="0x7300" />
        <Collision Name="gameplay_dangeon_keep_Colheader_007498" Offset="0x7498" />
        <DList Name="gameplay_dangeon_keep_DL_007650" Offset="0x7650" />
        <DList Name="gameplay_dangeon_keep_DL_007890" Offset="0x7890" />
        <DList Name="gameplay_dangeon_keep_DL_007980" Offset="0x7980" />
        <DList Name="gameplay_dangeon_keep_DL_007A50" Offset="0x7A50" />
        <DList Name="gameplay_dangeon_keep_DL_007B20" Offset="0x7B20" />
        <DList Name="gameplay_dangeon_keep_DL_007BF0" Offset="0x7BF0" />
        <DList Name="gRustyFloorSwitchDL" Offset="0x7E00" />
        <Collision Name="gFloorSwitchCol" Offset="0x8018" />
        <DList Name="gameplay_dangeon_keep_DL_0081D0" Offset="0x81D0" />
        <DList Name="gEyeSwitchGoldDL" Offset="0x83F0" />
        <DList Name="gEyeSwitchSilverDL" Offset="0x85F0" />
        <Texture Name="gameplay_dangeon_keep_Tex_0086C0" OutName="tex_0086C0" Format="rgba16" Width="32" Height="32" Offset="0x86C0" />
        <Texture Name="gameplay_dangeon_keep_Tex_008EC0" OutName="tex_008EC0" Format="rgba16" Width="32" Height="32" Offset="0x8EC0" />
        <Texture Name="gEyeSwitchGoldClosedTex" OutName="eye_gold_closed" Format="rgba16" Width="32" Height="32" Offset="0x96C0" />
        <Texture Name="gEyeSwitchGoldOpeningTex" OutName="eye_gold_opening" Format="rgba16" Width="32" Height="32" Offset="0x9EC0" />
        <Texture Name="gEyeSwitchGoldClosingTex" OutName="eye_gold_closing" Format="rgba16" Width="32" Height="32" Offset="0xA6C0" />
        <Texture Name="gEyeSwitchGoldOpenTex" OutName="eye_gold_open" Format="rgba16" Width="32" Height="32" Offset="0xAEC0" />
        <Texture Name="gEyeSwitchSilverOpenTex" OutName="eye_silver_open" Format="rgba16" Width="32" Height="32" Offset="0xB6C0" />
        <Texture Name="gEyeSwitchSilverHalfTex" OutName="eye_silver_half" Format="rgba16" Width="32" Height="32" Offset="0xBEC0" />
        <Texture Name="gEyeSwitchSilverClosedTex" OutName="eye_silver_closed" Format="rgba16" Width="32" Height="32" Offset="0xC6C0" />
        <Texture Name="gameplay_dangeon_keep_Tex_00CEC0" OutName="tex_00CEC0" Format="rgba16" Width="32" Height="32" Offset="0xCEC0" />
        <Texture Name="gameplay_dangeon_keep_Tex_00D6C0" OutName="tex_00D6C0" Format="rgba16" Width="32" Height="32" Offset="0xD6C0" />
        <Texture Name="gameplay_dangeon_keep_Tex_00DEC0" OutName="tex_00DEC0" Format="rgba16" Width="32" Height="32" Offset="0xDEC0" />
        <Texture Name="gameplay_dangeon_keep_Tex_00E6C0" OutName="tex_00E6C0" Format="rgba16" Width="32" Height="32" Offset="0xE6C0" />
        <Texture Name="gameplay_dangeon_keep_Tex_00EEC0" OutName="tex_00EEC0" Format="i8" Width="32" Height="32" Offset="0xEEC0" />
        <Texture Name="gameplay_dangeon_keep_Tex_00F2C0" OutName="tex_00F2C0" Format="i8" Width="32" Height="32" Offset="0xF2C0" />
        <Texture Name="gameplay_dangeon_keep_Tex_00F6C0" OutName="tex_00F6C0" Format="rgba16" Width="32" Height="32" Offset="0xF6C0" />
        <Texture Name="gameplay_dangeon_keep_Tex_00FEC0" OutName="tex_00FEC0" Format="rgba16" Width="64" Height="32" Offset="0xFEC0" />
        <Texture Name="gameplay_dangeon_keep_Tex_010EC0" OutName="tex_010EC0" Format="rgba16" Width="32" Height="64" Offset="0x10EC0" />
        <Texture Name="gameplay_dangeon_keep_Tex_011EC0" OutName="tex_011EC0" Format="rgba16" Width="16" Height="16" Offset="0x11EC0" />
        <Texture Name="gameplay_dangeon_keep_Tex_0120C0" OutName="tex_0120C0" Format="rgba16" Width="16" Height="16" Offset="0x120C0" />
        <Texture Name="gameplay_dangeon_keep_Tex_0122C0" OutName="tex_0122C0" Format="rgba16" Width="32" Height="64" Offset="0x122C0" />
        <Texture Name="gameplay_dangeon_keep_Tex_0132C0" OutName="tex_0132C0" Format="rgba16" Width="64" Height="16" Offset="0x132C0" />
        <Texture Name="gameplay_dangeon_keep_Tex_013AC0" OutName="tex_013AC0" Format="rgba16" Width="32" Height="32" Offset="0x13AC0" />
        <Texture Name="gameplay_dangeon_keep_Tex_0142C0" OutName="tex_0142C0" Format="rgba16" Width="32" Height="32" Offset="0x142C0" />
        <Texture Name="gameplay_dangeon_keep_Tex_014AC0" OutName="tex_014AC0" Format="rgba16" Width="32" Height="32" Offset="0x14AC0" />
        <Texture Name="gameplay_dangeon_keep_Tex_0152C0" OutName="tex_0152C0" Format="rgba16" Width="32" Height="32" Offset="0x152C0" />
        <Texture Name="gameplay_dangeon_keep_Tex_015AC0" OutName="tex_015AC0" Format="i8" Width="32" Height="32" Offset="0x15AC0" />
        <Texture Name="gameplay_dangeon_keep_Tex_015EC0" OutName="tex_015EC0" Format="i8" Width="32" Height="32" Offset="0x15EC0" />
        <Texture Name="gameplay_dangeon_keep_Tex_0162C0" OutName="tex_0162C0" Format="i8" Width="64" Height="64" Offset="0x162C0" />
        <Texture Name="gameplay_dangeon_keep_Tex_0172C0" OutName="tex_0172C0" Format="rgba16" Width="32" Height="32" Offset="0x172C0" />
        <Texture Name="gameplay_dangeon_keep_Tex_017AC0" OutName="tex_017AC0" Format="ia16" Width="4" Height="4" Offset="0x17AC0" />
        <DList Name="gameplay_dangeon_keep_DL_017EA0" Offset="0x17EA0" /> <!-- pot displaylist -->
        <DList Name="gameplay_dangeon_keep_DL_018090" Offset="0x18090" /> <!-- pot break shard displaylist -->
        <DList Name="gameplay_dangeon_keep_DL_0182A0" Offset="0x182A0" />
        <DList Name="gameplay_dangeon_keep_DL_0182A8" Offset="0x182A8" />
        <Texture Name="gameplay_dangeon_keep_Tex_018350" OutName="tex_018350" Format="i8" Width="64" Height="64" Offset="0x18350" />
        <Texture Name="gameplay_dangeon_keep_Tex_019350" OutName="tex_019350" Format="i8" Width="64" Height="64" Offset="0x19350" />
        <Texture Name="gameplay_dangeon_keep_Tex_01A350" OutName="tex_01A350" Format="i8" Width="64" Height="64" Offset="0x1A350" />
        <TextureAnimation Name="gameplay_dangeon_keep_Matanimheader_01B370" Offset="0x1B370" />
        <DList Name="gameplay_dangeon_keep_DL_01B500" Offset="0x1B500" />
        <DList Name="gFloorSwitch1DL" Offset="0x1B508" />
        <DList Name="gameplay_dangeon_keep_DL_01B780" Offset="0x1B780" />
        <DList Name="gFloorSwitch2DL" Offset="0x1B788" />
        <DList Name="gameplay_dangeon_keep_DL_01B9F0" Offset="0x1B9F0" />
        <DList Name="gFloorSwitch3DL" Offset="0x1B9F8" />
        <DList Name="gCrystalSwitchCoreDL" Offset="0x1BEE0" />
        <DList Name="gCrystalSwitchDiamondDL" Offset="0x1BFB8" />
        <DList Name="gCrystalSwitchBaseDL" Offset="0x1C058" />
        <TextureAnimation Name="gCrystalSwitchTexAnim" Offset="0x1C118" />
        <DList Name="gameplay_dangeon_keep_DL_01C220" Offset="0x1C220" />
        <DList Name="gameplay_dangeon_keep_DL_01C228" Offset="0x1C228" />
        <Texture Name="gameplay_dangeon_keep_Tex_01C2D8" OutName="tex_01C2D8" Format="rgba16" Width="32" Height="64" Offset="0x1C2D8" />
        <Collision Name="gameplay_dangeon_keep_Colheader_01D488" Offset="0x1D488" />
        <DList Name="gameplay_dangeon_keep_DL_01D980" Offset="0x1D980" />
        <Texture Name="gameplay_dangeon_keep_Tex_01DC70" OutName="tex_01DC70" Format="rgba16" Width="32" Height="32" Offset="0x1DC70" />
        <Texture Name="gameplay_dangeon_keep_Tex_01E470" OutName="tex_01E470" Format="rgba16" Width="32" Height="32" Offset="0x1E470" />
        <!-- snowhead(?) floor changing stone staircase stone textures -->
        <Texture Name="gameplay_dangeon_keep_Tex_01EC70" OutName="tex_01EC70" Format="rgba16" Width="32" Height="32" Offset="0x1EC70" />
        <Texture Name="gameplay_dangeon_keep_Tex_01F470" OutName="tex_01F470" Format="i4" Width="64" Height="64" Offset="0x1F470" />
        <Texture Name="gameplay_dangeon_keep_Tex_01FC70" OutName="tex_01FC70" Format="i4" Width="64" Height="64" Offset="0x1FC70" />
        <Texture Name="gameplay_dangeon_keep_Tex_020470" OutName="tex_020470" Format="i4" Width="64" Height="64" Offset="0x20470" />
        <Texture Name="gameplay_dangeon_keep_Tex_020C70" OutName="tex_020C70" Format="i4" Width="64" Height="64" Offset="0x20C70" />
        <!-- snowhead(?) floor changing stone staircase -->
        <DList Name="gameplay_dangeon_keep_DL_0219E0" Offset="0x219E0" />

        <!-- En_Warp_tag assets -->
        <DList Name="gWarpTagGoronTrialBaseDL" Offset="0x21EF0" />
        <Texture Name="gWarpTagRainbowTex" OutName="warptag_rainbow" Format="rgba32" Width="32" Height="32" Offset="0x21FF8" />
        <TextureAnimation Name="gWarpTagRainbowTexAnim" Offset="0x23008" />
        <Collision Name="gWarpTagGoronTrialBaseCol" Offset="0x2324C" />
    </File>
</Root>
