﻿<Root>
    <!-- Get Item Draw: Hero's Shield -->
    <File Name="object_gi_shield_2" Segment="6">

        <!-- Hero's Shield Display Lists -->
        <DList Name="gGiHerosShieldDL" Offset="0x9F0" />
        <DList Name="gGiHerosShieldEmblemDL" Offset="0xD28" />

        <!-- Hero's Shield Textures -->
        <Texture Name="gGiHerosShieldEmblem1Tex" OutName="gi_heros_shield_emblem_1" Format="i8" Width="32" Height="64" Offset="0xEB8" />
        <Texture Name="gGiHerosShieldBase1Tex" OutName="gi_heros_shield_base_1" Format="i4" Width="16" Height="32" Offset="0x16B8" />
        <Texture Name="gGiHerosShieldEmblem2Tex" OutName="gi_heros_shield_emblem_2" Format="i8" Width="32" Height="48" Offset="0x17B8" />
        <Texture Name="gGiHerosShieldBase2Tex" OutName="gi_heros_shield_base_2" Format="i4" Width="16" Height="32" Offset="0x1DB8" />
    </File>
</Root>
