﻿<Root>
    <File Name="object_toryo" Segment="6">
        <Animation Name="object_toryo_Anim_000E50" Offset="0xE50" />
        <Texture Name="object_toryo_TLUT_000E60" OutName="tlut_000E60" Format="rgba16" Width="16" Height="16" Offset="0xE60" />
        <Texture Name="object_toryo_Tex_001060" OutName="tex_001060" Format="ci8" Width="16" Height="16" Offset="0x1060" />
        <Texture Name="object_toryo_Tex_001160" OutName="tex_001160" Format="ci8" Width="8" Height="4" Offset="0x1160" />
        <Texture Name="object_toryo_Tex_001180" OutName="tex_001180" Format="ci8" Width="8" Height="8" Offset="0x1180" />
        <Texture Name="object_toryo_Tex_0011C0" OutName="tex_0011C0" Format="ci8" Width="8" Height="8" Offset="0x11C0" />
        <Texture Name="object_toryo_Tex_001200" OutName="tex_001200" Format="ci8" Width="8" Height="8" Offset="0x1200" />
        <Texture Name="object_toryo_Tex_001240" OutName="tex_001240" Format="ci8" Width="8" Height="16" Offset="0x1240" />
        <Texture Name="object_toryo_Tex_0012C0" OutName="tex_0012C0" Format="rgba16" Width="32" Height="16" Offset="0x12C0" />
        <Texture Name="object_toryo_Tex_0016C0" OutName="tex_0016C0" Format="ci8" Width="16" Height="16" Offset="0x16C0" />
        <Texture Name="object_toryo_Tex_0017C0" OutName="tex_0017C0" Format="ci8" Width="16" Height="16" Offset="0x17C0" />
        <Texture Name="object_toryo_Tex_0018C0" OutName="tex_0018C0" Format="ci8" Width="16" Height="16" Offset="0x18C0" />
        <Texture Name="object_toryo_Tex_0019C0" OutName="tex_0019C0" Format="ci8" Width="8" Height="8" Offset="0x19C0" />
        <Texture Name="object_toryo_Tex_001A00" OutName="tex_001A00" Format="ci8" Width="8" Height="16" Offset="0x1A00" />
        <Texture Name="object_toryo_Tex_001A80" OutName="tex_001A80" Format="ci8" Width="16" Height="16" Offset="0x1A80" />
        <Texture Name="object_toryo_Tex_001B80" OutName="tex_001B80" Format="ci8" Width="16" Height="16" Offset="0x1B80" />
        <DList Name="object_toryo_DL_004B20" Offset="0x4B20" />
        <DList Name="object_toryo_DL_004F20" Offset="0x4F20" />
        <DList Name="object_toryo_DL_005438" Offset="0x5438" />
        <DList Name="object_toryo_DL_005720" Offset="0x5720" />
        <DList Name="object_toryo_DL_005958" Offset="0x5958" />
        <DList Name="object_toryo_DL_005BA0" Offset="0x5BA0" />
        <DList Name="object_toryo_DL_005D10" Offset="0x5D10" />
        <DList Name="object_toryo_DL_005EC8" Offset="0x5EC8" />
        <DList Name="object_toryo_DL_006110" Offset="0x6110" />
        <DList Name="object_toryo_DL_006280" Offset="0x6280" />
        <DList Name="object_toryo_DL_0064B8" Offset="0x64B8" />
        <DList Name="object_toryo_DL_0067E0" Offset="0x67E0" />
        <DList Name="object_toryo_DL_0068E8" Offset="0x68E8" />
        <DList Name="object_toryo_DL_006A88" Offset="0x6A88" />
        <DList Name="object_toryo_DL_006DA8" Offset="0x6DA8" />
        <DList Name="object_toryo_DL_006EB0" Offset="0x6EB0" />
        <Limb Name="object_toryo_Standardlimb_007050" Type="Standard" EnumName="OBJECT_TORYO_LIMB_01" Offset="0x7050" />
        <Limb Name="object_toryo_Standardlimb_00705C" Type="Standard" EnumName="OBJECT_TORYO_LIMB_02" Offset="0x705C" />
        <Limb Name="object_toryo_Standardlimb_007068" Type="Standard" EnumName="OBJECT_TORYO_LIMB_03" Offset="0x7068" />
        <Limb Name="object_toryo_Standardlimb_007074" Type="Standard" EnumName="OBJECT_TORYO_LIMB_04" Offset="0x7074" />
        <Limb Name="object_toryo_Standardlimb_007080" Type="Standard" EnumName="OBJECT_TORYO_LIMB_05" Offset="0x7080" />
        <Limb Name="object_toryo_Standardlimb_00708C" Type="Standard" EnumName="OBJECT_TORYO_LIMB_06" Offset="0x708C" />
        <Limb Name="object_toryo_Standardlimb_007098" Type="Standard" EnumName="OBJECT_TORYO_LIMB_07" Offset="0x7098" />
        <Limb Name="object_toryo_Standardlimb_0070A4" Type="Standard" EnumName="OBJECT_TORYO_LIMB_08" Offset="0x70A4" />
        <Limb Name="object_toryo_Standardlimb_0070B0" Type="Standard" EnumName="OBJECT_TORYO_LIMB_09" Offset="0x70B0" />
        <Limb Name="object_toryo_Standardlimb_0070BC" Type="Standard" EnumName="OBJECT_TORYO_LIMB_0A" Offset="0x70BC" />
        <Limb Name="object_toryo_Standardlimb_0070C8" Type="Standard" EnumName="OBJECT_TORYO_LIMB_0B" Offset="0x70C8" />
        <Limb Name="object_toryo_Standardlimb_0070D4" Type="Standard" EnumName="OBJECT_TORYO_LIMB_0C" Offset="0x70D4" />
        <Limb Name="object_toryo_Standardlimb_0070E0" Type="Standard" EnumName="OBJECT_TORYO_LIMB_0D" Offset="0x70E0" />
        <Limb Name="object_toryo_Standardlimb_0070EC" Type="Standard" EnumName="OBJECT_TORYO_LIMB_0E" Offset="0x70EC" />
        <Limb Name="object_toryo_Standardlimb_0070F8" Type="Standard" EnumName="OBJECT_TORYO_LIMB_0F" Offset="0x70F8" />
        <Limb Name="object_toryo_Standardlimb_007104" Type="Standard" EnumName="OBJECT_TORYO_LIMB_10" Offset="0x7104" />
        <Skeleton Name="object_toryo_Skel_007150" Type="Flex" LimbType="Standard" LimbNone="OBJECT_TORYO_LIMB_NONE" LimbMax="OBJECT_TORYO_LIMB_MAX" EnumName="ObjectToryoLimb" Offset="0x7150" />
    </File>
</Root>
