<?xml version="1.0" encoding="utf-8"?>
<gamelist>
	<game>
		<path>./Rolus in the Outskirts.sh</path>
		<name>Rolus in the Outskirts</name>
		<desc>The top-down adventure game where nothing ever seems to go your way. Soak in the atmosphere as you wander around the middle of nowhere, looking for one thing: a dollar-menu cheeseburger.</desc>
		<image>./rolusoutskirts/cover.png</image>
		<releasedate>Coming Soon</releasedate>
		<developer>Penguins at Work</developer>
		<genre>Action, Adventure, Casual, Indie, RPG</genre>
	</game>
</gamelist>