{
  "version": 4,
  "name": "rolusoutskirts.zip",
  "items": [
    "Rolus in the Outskirts",
    "rolusoutskirts"
  ],
  "items_opt": [],
  "attr": {
    "title": "Rolus in the Outskirts",
    "porter": [
      "Jeod"
    ],
    "desc": "The top-down adventure game where nothing ever seems to go your way. Soak in the atmosphere as you wander around the middle of nowhere, looking for one thing: a dollar-menu cheeseburger.",
    "desc_md": null,
    "inst": "Download the demo from Steam: https://store.steampowered.com/app/3008890/Rolus_in_the_Outskirts and add the data to `rolusoutskirts/assets`.",
    "inst_md": null,
    "genres": [
      "action",
      "adventure"
    ],
    "image": null,
    "rtr": false,
    "exp": false,
    "runtime": [],
    "store": [
      {
        "name": "Steam",
        "gameurl": "https://store.steampowered.com/app/3008890/Rolus_in_the_Outskirts/",
        "developerurl": "rolus.net"
      }
    ],
    "availability": "free",
    "reqs": [],
    "arch": [
      "aarch64"
    ],
    "min_glibc": ""
  }
}